{
    "model_id": "094378fd-c183-4c7b-ae4b-030cecf1a521",
    "train_accuracy": [
        0.14175058094500387,
        0.16498838109992253,
        0.2525174283501162,
        0.26800929512006194,
        0.29434546862896976,
        0.3361735089078234,
        0.37025561580170413,
        0.3756777691711851,
        0.39736638264910923,
        0.4159566227730441,
        0.4624322230828815,
        0.45701006971340047,
        0.48489542989930284,
        0.5042602633617351,
        0.5058094500387297,
        0.52285050348567,
        0.5166537567776918,
        0.5491866769945778,
        0.5592563903950426,
        0.5553834237025561,
        0.5809450038729667,
        0.5778466305189776,
        0.5941130906274206,
        0.6034082106893881,
        0.6096049573973664,
        0.6243222308288149,
        0.6250968241673122,
        0.6312935708752905,
        0.6622773044151821,
        0.6537567776917118,
        0.667699457784663,
        0.6615027110766848,
        0.6630518977536793,
        0.6816421378776143,
        0.6684740511231604,
        0.6924864446165763,
        0.6762199845081333,
        0.6963594113090628,
        0.7048799380325329,
        0.7056545313710302,
        0.6994577846630519,
        0.7288923315259489,
        0.7242447714949651,
        0.7312161115414407,
        0.7195972114639814,
        0.721146398140976,
        0.7219209914794733,
        0.7436096049573974,
        0.7459333849728892,
        0.7536793183578622
    ],
    "train_loss": [
        0.021728694392764966,
        0.02060617105984854,
        0.019966247190716283,
        0.019083495753204796,
        0.018523964745235665,
        0.01797980785739228,
        0.017285498051011775,
        0.0169935163650099,
        0.016497049841374782,
        0.016039462536457987,
        0.015464729620078846,
        0.015224827065382883,
        0.014901374773310655,
        0.014507994552068615,
        0.014151568841232429,
        0.01372159256850168,
        0.013651366108245022,
        0.01304745212439693,
        0.012939471685083036,
        0.012701321903999974,
        0.012156334337017316,
        0.01200106816177309,
        0.01151528171935255,
        0.011711396744415615,
        0.011194921943404525,
        0.01080778728244288,
        0.010958203597183287,
        0.010681025747362724,
        0.01029799725084135,
        0.01013755807573716,
        0.009930942752950419,
        0.009990495272517481,
        0.009699434249739052,
        0.009133119485250838,
        0.009379290546399507,
        0.009450899040301948,
        0.009200035694677824,
        0.008786230286731912,
        0.008626338864924093,
        0.00863810946644045,
        0.008507539282280931,
        0.00816071430534286,
        0.008275899842762375,
        0.008165570860403993,
        0.008036574728261768,
        0.00796158866860163,
        0.008011934186579367,
        0.0075710849370446715,
        0.0074276504453811235,
        0.007471172362681418
    ],
    "val_accuracy": [
        0.18770226537216828,
        0.2459546925566343,
        0.31715210355987056,
        0.3333333333333333,
        0.36893203883495146,
        0.3883495145631068,
        0.3851132686084142,
        0.3948220064724919,
        0.39805825242718446,
        0.4110032362459547,
        0.4174757281553398,
        0.4077669902912621,
        0.4045307443365696,
        0.3948220064724919,
        0.41423948220064727,
        0.4045307443365696,
        0.4174757281553398,
        0.42394822006472493,
        0.4077669902912621,
        0.42718446601941745,
        0.43042071197411,
        0.4563106796116505,
        0.4563106796116505,
        0.4627831715210356,
        0.43042071197411,
        0.43042071197411,
        0.4336569579288026,
        0.4368932038834951,
        0.4401294498381877,
        0.44336569579288027,
        0.48220064724919093,
        0.48220064724919093,
        0.47896440129449835,
        0.4854368932038835,
        0.49838187702265374,
        0.4886731391585761,
        0.5016181229773463,
        0.49838187702265374,
        0.511326860841424,
        0.5048543689320388,
        0.5048543689320388,
        0.5048543689320388,
        0.49838187702265374,
        0.49838187702265374,
        0.49514563106796117,
        0.49838187702265374,
        0.5016181229773463,
        0.49838187702265374,
        0.5048543689320388,
        0.49514563106796117
    ],
    "val_loss": [
        0.026713432231767278,
        0.02606638658393934,
        0.02502218342136025,
        0.024114392721923037,
        0.023480529538250278,
        0.02295696349591499,
        0.022507305669938863,
        0.022003755986111834,
        0.021583172495696922,
        0.021312987148568854,
        0.021049550821866034,
        0.020816473127568808,
        0.020565278707584518,
        0.020425736711248997,
        0.020265039116819313,
        0.020053534446024972,
        0.019894338734327395,
        0.019822339409763374,
        0.019779548290092198,
        0.019622685839828936,
        0.019653593066440815,
        0.01968900516966786,
        0.019729658623729322,
        0.019763975853287288,
        0.01990553784910529,
        0.019954853459083533,
        0.01988183140368909,
        0.019675742461071816,
        0.019805520483591025,
        0.019781868434646754,
        0.0196460466168845,
        0.019711206646027303,
        0.019957910463647935,
        0.019959623373827888,
        0.019965265561076043,
        0.020016325716061885,
        0.02002490068330734,
        0.019954917886110573,
        0.020097916180261903,
        0.02003900287220779,
        0.020027036034173565,
        0.020323603670188137,
        0.02072568387275375,
        0.021106098847867603,
        0.020870935955479692,
        0.020597301254766272,
        0.020765725848744216,
        0.020531315633779978,
        0.02056645884097201,
        0.02046734075330222
    ],
    "hyperparameters": {
        "learning_rate": 0.0005,
        "num_epochs": 50,
        "batch_size": 100,
        "stem_v": false,
        "pool_v": "mean",
        "norm_v": false,
        "dropout_rate": 0.5
    },
    "results": {
        "classes": 8,
        "last_acc": 0.49514563106796117,
        "best_acc": 0.511326860841424,
        "best_acc_epoch": 38,
        "confusion_matrix": [
            [
                24,
                4,
                4,
                3,
                1,
                2,
                0,
                7
            ],
            [
                4,
                11,
                0,
                3,
                2,
                2,
                7,
                1
            ],
            [
                2,
                0,
                20,
                0,
                0,
                10,
                0,
                3
            ],
            [
                6,
                1,
                4,
                14,
                1,
                3,
                5,
                0
            ],
            [
                8,
                4,
                2,
                4,
                16,
                1,
                2,
                3
            ],
            [
                5,
                0,
                6,
                2,
                1,
                26,
                0,
                3
            ],
            [
                5,
                4,
                1,
                1,
                3,
                2,
                21,
                2
            ],
            [
                2,
                2,
                7,
                0,
                0,
                2,
                4,
                26
            ]
        ],