{
    "model_id": "3d647a9e-ad2f-4ecb-a666-063c22142f2e",
    "train_accuracy": [
        0.569921875,
        0.684375,
        0.708984375,
        0.72421875,
        0.753515625,
        0.76171875,
        0.771875,
        0.78125,
        0.7921875,
        0.801171875,
        0.812890625,
        0.80625,
        0.830078125,
        0.835546875,
        0.8296875,
        0.852734375,
        0.855859375,
        0.865234375,
        0.858984375,
        0.868359375,
        0.881640625,
        0.8734375,
        0.882421875,
        0.8890625,
        0.8921875,
        0.909375,
        0.90859375,
        0.899609375,
        0.910546875,
        0.91171875,
        0.91015625,
        0.918359375,
        0.92421875,
        0.92421875,
        0.928515625,
        0.931640625,
        0.9359375,
        0.932421875,
        0.93515625,
        0.9375,
        0.940234375,
        0.947265625,
        0.940625,
        0.949609375,
        0.944921875,
        0.945703125,
        0.94609375,
        0.943359375,
        0.952734375,
        0.95625,
        0.965234375,
        0.954296875,
        0.95703125,
        0.96171875,
        0.958203125,
        0.96171875,
        0.9625,
        0.95859375,
        0.962890625,
        0.966015625,
        0.962109375,
        0.9640625,
        0.96484375,
        0.96328125,
        0.9625,
        0.9671875,
        0.9671875,
        0.97421875,
        0.97265625,
        0.970703125,
        0.97265625,
        0.97734375,
        0.973828125,
        0.9734375,
        0.974609375,
        0.973046875,
        0.96953125,
        0.97109375,
        0.971484375,
        0.969921875,
        0.976953125,
        0.975390625,
        0.96875,
        0.978125,
        0.975390625,
        0.979296875,
        0.969921875,
        0.976171875,
        0.97421875,
        0.982421875,
        0.97109375,
        0.97890625,
        0.982421875,
        0.97734375,
        0.97890625,
        0.98203125,
        0.98203125,
        0.975390625,
        0.97578125,
        0.98359375
    ],
    "train_loss": [
        0.007154248678125441,
        0.00612589530646801,
        0.0057530216756276785,
        0.005481825617607683,
        0.0051576548488810655,
        0.005038752651307732,
        0.004827249248046428,
        0.004607452382333577,
        0.004532343032769859,
        0.004346991574857384,
        0.004209064785391093,
        0.004117634403519333,
        0.003908178594429046,
        0.0038066486013121903,
        0.0036647436558268965,
        0.00345568482298404,
        0.003412396338535473,
        0.0032566426671110094,
        0.0031870717532001434,
        0.0030597583681810647,
        0.0029514051566366106,
        0.0029340821667574344,
        0.002793044113786891,
        0.0027129595109727234,
        0.0026394668791908773,
        0.0024081938288873063,
        0.0022838332690298556,
        0.0023747364524751902,
        0.002266755420714617,
        0.0022129785967990754,
        0.00218045890214853,
        0.002085996532696299,
        0.001760975655633956,
        0.0018503282044548541,
        0.001832802133867517,
        0.001751410446013324,
        0.001653539837570861,
        0.001835301995743066,
        0.0016923579765716567,
        0.0016109799849800765,
        0.0015147398778935894,
        0.001429939060471952,
        0.0014439338963711634,
        0.001355973444879055,
        0.0014072894759010524,
        0.001380055828485638,
        0.0013959533884190024,
        0.0014231356733944267,
        0.0012316027234192007,
        0.0011694074768456631,
        0.0010856214474188163,
        0.0011704100470524281,
        0.0010896599444095046,
        0.001101313641993329,
        0.0010730255176895297,
        0.001048268503654981,
        0.0009551759634632617,
        0.0011066374456277118,
        0.001030246267328039,
        0.0009000061938422732,
        0.0010867656543268821,
        0.0009877087279164698,
        0.0009590944639057853,
        0.0009695519984234124,
        0.000993022514740005,
        0.0008778395713306963,
        0.0009580186189850793,
        0.000755000401113648,
        0.0007140286921639927,
        0.0007268367902725003,
        0.000804796333250124,
        0.0006449227374105248,
        0.0007281651807716117,
        0.0007737307438219432,
        0.0007235188240883872,
        0.0007494419769500382,
        0.0007048991414194461,
        0.0007758479419862852,
        0.000740480943932198,
        0.0007383410171314609,
        0.0006737416653777473,
        0.0007177849831350614,
        0.0007493550896469969,
        0.0006625572888879106,
        0.0006993046961724758,
        0.0006141169145848835,
        0.0007677608016820158,
        0.0006205650613992475,
        0.0006323418012470939,
        0.0005374227468564641,
        0.0007201001215435098,
        0.0005883432993869064,
        0.000501594171510078,
        0.0006408822744560893,
        0.00052185269050824,
        0.0005045886493462604,
        0.0005606789454759564,
        0.0006404449792171363,
        0.0006147036976472009,
        0.0004887693772616331
    ],
    "val_accuracy": [
        0.4828125,
        0.4828125,
        0.6578125,
        0.709375,
        0.725,
        0.7328125,
        0.7171875,
        0.721875,
        0.7234375,
        0.73125,
        0.725,
        0.7296875,
        0.725,
        0.721875,
        0.7296875,
        0.7296875,
        0.7296875,
        0.7234375,
        0.7171875,
        0.7265625,
        0.7375,
        0.7265625,
        0.728125,
        0.7171875,
        0.721875,
        0.7203125,
        0.721875,
        0.709375,
        0.7078125,
        0.7203125,
        0.721875,
        0.7328125,
        0.725,
        0.7234375,
        0.7125,
        0.725,
        0.7265625,
        0.73125,
        0.725,
        0.7328125,
        0.7203125,
        0.721875,
        0.7140625,
        0.715625,
        0.7125,
        0.7234375,
        0.73125,
        0.7265625,
        0.71875,
        0.7328125,
        0.7359375,
        0.7265625,
        0.7390625,
        0.728125,
        0.725,
        0.7234375,
        0.7171875,
        0.7171875,
        0.7140625,
        0.7265625,
        0.7078125,
        0.7234375,
        0.7390625,
        0.7171875,
        0.725,
        0.7359375,
        0.73125,
        0.7265625,
        0.73125,
        0.7296875,
        0.725,
        0.7265625,
        0.7109375,
        0.7296875,
        0.7125,
        0.7265625,
        0.7328125,
        0.7203125,
        0.734375,
        0.7265625,
        0.725,
        0.728125,
        0.7140625,
        0.7234375,
        0.734375,
        0.7328125,
        0.7359375,
        0.7234375,
        0.7359375,
        0.7390625,
        0.7375,
        0.7375,
        0.7484375,
        0.73125,
        0.7390625,
        0.73125,
        0.7265625,
        0.734375,
        0.746875,
        0.740625
    ],