{
    "model_id": "5a75b36a-a840-425f-8542-06f5b658ee51",
    "train_accuracy": [
        0.566796875,
        0.676171875,
        0.70625,
        0.725390625,
        0.7484375,
        0.76640625,
        0.769140625,
        0.78125,
        0.78671875,
        0.812109375,
        0.81328125,
        0.810546875,
        0.834375,
        0.83515625,
        0.84453125,
        0.853125,
        0.852734375,
        0.866796875,
        0.873046875,
        0.87265625,
        0.879296875,
        0.88203125,
        0.884375,
        0.88828125,
        0.9015625,
        0.902734375,
        0.902734375,
        0.907421875,
        0.9171875,
        0.90859375,
        0.923046875,
        0.92578125,
        0.92734375,
        0.928515625,
        0.92734375,
        0.926953125,
        0.93671875,
        0.933203125,
        0.936328125,
        0.944921875,
        0.940234375,
        0.9390625,
        0.943359375,
        0.94609375,
        0.95546875,
        0.95,
        0.95625,
        0.95078125,
        0.956640625,
        0.956640625
    ],
    "train_loss": [
        0.007033019769005477,
        0.006149705708958208,
        0.00571603070711717,
        0.005529942107386887,
        0.005145426816307008,
        0.004917632695287466,
        0.004849883157294244,
        0.004642878903541714,
        0.004498462751507759,
        0.0042286140960641205,
        0.00414068455575034,
        0.004079778341110796,
        0.0037789277615956963,
        0.0037439937121234836,
        0.0036951710120774806,
        0.003437085426412523,
        0.0034049403620883822,
        0.0032163355324883016,
        0.0030903693521395327,
        0.0030265340174082667,
        0.002923336130334064,
        0.0027821914467494936,
        0.0027456092997454108,
        0.002593063865788281,
        0.002363407867960632,
        0.0023639325983822344,
        0.002372120163636282,
        0.002360245556337759,
        0.0021425632236059754,
        0.00218479385075625,
        0.002005616933456622,
        0.001973567990353331,
        0.0019128336367430165,
        0.0018854974652640522,
        0.0018255385744851082,
        0.0018374157283687965,
        0.001665740495081991,
        0.0016605539218289777,
        0.001575656162458472,
        0.0014825642167124898,
        0.0014558550814399497,
        0.0015699146228143946,
        0.0014896438195137307,
        0.0014391345481271855,
        0.0012835254747187719,
        0.0013009708229219541,
        0.0012836078851250932,
        0.0013656666822498664,
        0.0011309450332191774,
        0.0011091759952250868
    ],
    "val_accuracy": [
        0.4828125,
        0.4828125,
        0.625,
        0.728125,
        0.7296875,
        0.725,
        0.73125,
        0.734375,
        0.740625,
        0.740625,
        0.7375,
        0.73125,
        0.7375,
        0.73125,
        0.7296875,
        0.7265625,
        0.725,
        0.7328125,
        0.7375,
        0.725,
        0.725,
        0.7203125,
        0.7296875,
        0.725,
        0.74375,
        0.728125,
        0.7328125,
        0.7328125,
        0.7234375,
        0.740625,
        0.7390625,
        0.71875,
        0.725,
        0.7390625,
        0.7375,
        0.7390625,
        0.734375,
        0.740625,
        0.7203125,
        0.7359375,
        0.725,
        0.7390625,
        0.7375,
        0.7375,
        0.740625,
        0.740625,
        0.73125,
        0.7328125,
        0.734375,
        0.7390625
    ],
    "val_loss": [
        0.007763454969972372,
        0.00791918383911252,
        0.006856469716876745,
        0.006075903074815869,
        0.005982302967458964,
        0.0059669543989002705,
        0.005965612083673477,
        0.005990754347294569,
        0.005964508978649974,
        0.006001572916284203,
        0.006018042145296931,
        0.006037019146606326,
        0.00614642184227705,
        0.006257393443956971,
        0.006335819885134697,
        0.006263608671724796,
        0.006322705885395408,
        0.006392814684659243,
        0.006526863761246204,
        0.0065662295557558535,
        0.006709911860525608,
        0.006699585448950529,
        0.006946639809757471,
        0.007000212091952562,
        0.007167789246886968,
        0.007470486126840115,
        0.00742497444152832,
        0.0075652203522622585,
        0.0075266920030117035,
        0.007526101265102625,
        0.007651136722415686,
        0.007967117428779601,
        0.007957319729030132,
        0.008018989395350219,
        0.0082453821785748,
        0.008271436858922242,
        0.008515065908432007,
        0.008322335872799158,
        0.008727222494781018,
        0.008623590972274543,
        0.008834815956652165,
        0.008785344567149878,
        0.008844016492366791,
        0.009121447149664164,
        0.008978592976927758,
        0.009349487256258726,
        0.00916117187589407,
        0.0095908896997571,
        0.00979171022772789,
        0.009708872251212596
    ],
    "hyperparameters": {
        "learning_rate": 0.0005,
        "num_epochs": 50,
        "batch_size": 100,
        "stem_v": false,
        "pool_v": "sif",
        "norm_v": true,
        "dropout_rate": 0.5
    },
    "results": {
        "classes": 2,
        "last_acc": 0.7390625,
        "best_acc": 0.74375,
        "best_acc_epoch": 24,
        "confusion_matrix": [
            [
                254,
                77
            ],
            [
                87,
                222
            ]
        ],
        "classification_report": "              precision    recall  f1-score   support\n\n     class 0       0.74      0.77      0.76       331\n     class 1       0.74      0.72      0.73       309\n\n    accuracy                           0.74       640\n   macro avg       0.74      0.74      0.74       640\nweighted avg       0.74      0.74      0.74       640\n"
    }
}