{
    "model_id": "7811a674-edd6-47ab-9485-0dd9bef601d3",
    "train_accuracy": [
        0.503125,
        0.523828125,
        0.553515625,
        0.58046875,
        0.596875,
        0.609765625,
        0.617578125,
        0.656640625,
        0.663671875,
        0.6625,
        0.65625,
        0.680859375,
        0.6765625,
        0.685546875,
        0.696484375,
        0.709375,
        0.709375,
        0.70625,
        0.710546875,
        0.723046875,
        0.71875,
        0.7453125,
        0.736328125,
        0.7296875,
        0.725390625,
        0.737109375,
        0.739453125,
        0.7359375,
        0.736328125,
        0.74453125,
        0.7515625,
        0.755859375,
        0.7359375,
        0.754296875,
        0.7625,
        0.763671875,
        0.762109375,
        0.752734375,
        0.7609375,
        0.767578125,
        0.7765625,
        0.764453125,
        0.78359375,
        0.76953125,
        0.773046875,
        0.79609375,
        0.78359375,
        0.787109375,
        0.785546875,
        0.782421875,
        0.790625,
        0.7859375,
        0.795703125,
        0.7890625,
        0.797265625,
        0.784765625,
        0.7875,
        0.792578125,
        0.8015625,
        0.8109375,
        0.793359375,
        0.80234375,
        0.8,
        0.80546875,
        0.80703125,
        0.806640625,
        0.813671875,
        0.81015625,
        0.8109375,
        0.81484375,
        0.8171875,
        0.81875,
        0.82734375,
        0.828125,
        0.825390625,
        0.82265625,
        0.82265625,
        0.821484375,
        0.809375,
        0.834375,
        0.824609375,
        0.83515625,
        0.83125,
        0.830078125,
        0.83515625,
        0.825,
        0.8375,
        0.828125,
        0.836328125,
        0.837890625,
        0.834765625,
        0.839453125,
        0.834375,
        0.837109375,
        0.83828125,
        0.83984375,
        0.841015625,
        0.847265625,
        0.844921875,
        0.84609375
    ],
    "train_loss": [
        0.00776534138713032,
        0.007435506046749652,
        0.007148090633563697,
        0.006904487125575542,
        0.0068042455706745384,
        0.0066865913337096575,
        0.0066083444515243174,
        0.006386421644128859,
        0.006298901280388236,
        0.006249575270339846,
        0.0062664755620062355,
        0.0060896894778124985,
        0.006082159886136651,
        0.0060318453470245,
        0.00583054885501042,
        0.0057474152417853475,
        0.005708283407147974,
        0.005723788344766945,
        0.005731440603267401,
        0.005577167915180326,
        0.005564736155793071,
        0.005424165958538651,
        0.005418499209918081,
        0.005432420712895692,
        0.005424333619885147,
        0.005351819470524788,
        0.005382179201114922,
        0.005369466170668602,
        0.005361603584606201,
        0.005205832980573177,
        0.005155863135587424,
        0.005142959870863706,
        0.005213640141300857,
        0.005078167375177145,
        0.004993456811644137,
        0.004918399185407906,
        0.005034566996619106,
        0.004989955143537372,
        0.00505774007178843,
        0.0048508109292015435,
        0.004894900938961655,
        0.004840854916255921,
        0.004700681171379983,
        0.00483770677819848,
        0.004782500991132111,
        0.00454585540574044,
        0.004756024072412402,
        0.004548504017293453,
        0.004574788210447878,
        0.004711383616086096,
        0.004569758754223585,
        0.004700961301568896,
        0.004462413210421801,
        0.0045033744187094275,
        0.004473275283817202,
        0.004609295399859548,
        0.0044808353879489,
        0.004370427399408072,
        0.004377809620928019,
        0.004316336032934487,
        0.004428501974325627,
        0.004316669469699263,
        0.004325177636928856,
        0.00431909792823717,
        0.004269276047125459,
        0.0042435924406163394,
        0.0040970985894091426,
        0.0041678489185869695,
        0.004136662743985653,
        0.004145585442893207,
        0.00409305680077523,
        0.00402861504117027,
        0.004047759843524545,
        0.003959854284767061,
        0.003989575058221817,
        0.0040577725041657684,
        0.003896740137133747,
        0.003919711813796312,
        0.004122437443584204,
        0.0038369889138266445,
        0.003916363348253071,
        0.0037539264769293366,
        0.0037857858347706496,
        0.003750248474534601,
        0.003737735701724887,
        0.003830909263342619,
        0.0036554554360918702,
        0.0037669687997549774,
        0.0036720064352266492,
        0.003747366787865758,
        0.003647340624593198,
        0.003600218705832958,
        0.0036574412835761903,
        0.0035727007780224085,
        0.003619707631878555,
        0.00358624451328069,
        0.003551178373163566,
        0.0036404792102985085,
        0.003539771749638021,
        0.0035610630409792067
    ],
    "val_accuracy": [
        0.5203125,
        0.5921875,
        0.6328125,
        0.6390625,
        0.6515625,
        0.6671875,
        0.6765625,
        0.6859375,
        0.6984375,
        0.7109375,
        0.7078125,
        0.7078125,
        0.7078125,
        0.7125,
        0.715625,
        0.7140625,
        0.71875,
        0.721875,
        0.7171875,
        0.7203125,
        0.7234375,
        0.725,
        0.7265625,
        0.73125,
        0.7265625,
        0.725,
        0.7296875,
        0.7234375,
        0.7265625,
        0.7265625,
        0.728125,
        0.7328125,
        0.7296875,
        0.728125,
        0.725,
        0.728125,
        0.7234375,
        0.728125,
        0.7296875,
        0.728125,
        0.734375,
        0.734375,
        0.7359375,
        0.734375,
        0.7296875,
        0.7265625,
        0.728125,
        0.73125,
        0.7296875,
        0.7328125,
        0.73125,
        0.73125,
        0.73125,
        0.73125,
        0.73125,
        0.73125,
        0.734375,
        0.7375,
        0.7328125,
        0.73125,
        0.728125,
        0.7296875,
        0.7265625,
        0.7328125,
        0.73125,
        0.7359375,
        0.73125,
        0.7328125,
        0.7328125,
        0.7359375,
        0.7328125,
        0.7296875,
        0.7265625,
        0.7328125,
        0.7328125,
        0.7359375,
        0.7375,
        0.7390625,
        0.740625,
        0.7328125,
        0.7328125,
        0.7359375,
        0.7390625,
        0.7359375,
        0.7375,
        0.7390625,
        0.7359375,
        0.7328125,
        0.73125,
        0.734375,
        0.7328125,
        0.7375,
        0.7375,
        0.7359375,
        0.7296875,
        0.7375,
        0.7390625,
        0.7359375,
        0.7375,
        0.725
    ],