{
    "model_id": "64a2ddf0-afc5-4859-b624-10b0ec26eefa",
    "train_accuracy": [
        0.4953125,
        0.48984375,
        0.505859375,
        0.5109375,
        0.506640625,
        0.493359375,
        0.5171875,
        0.522265625,
        0.51171875,
        0.52265625,
        0.515625,
        0.521875,
        0.5265625,
        0.506640625,
        0.51640625,
        0.527734375,
        0.506640625,
        0.52734375,
        0.498046875,
        0.526953125,
        0.511328125,
        0.528515625,
        0.51328125,
        0.512109375,
        0.540625,
        0.512109375,
        0.5203125,
        0.51953125,
        0.511328125,
        0.52734375,
        0.519921875,
        0.531640625,
        0.521484375,
        0.520703125,
        0.519140625,
        0.51640625,
        0.512890625,
        0.528125,
        0.518359375,
        0.5234375,
        0.531640625,
        0.520703125,
        0.5265625,
        0.525390625,
        0.53671875,
        0.529296875,
        0.535546875,
        0.528125,
        0.529296875,
        0.51484375,
        0.516015625,
        0.50859375,
        0.5359375,
        0.530859375,
        0.540625,
        0.521875,
        0.519140625,
        0.5359375,
        0.538671875,
        0.52578125,
        0.534375,
        0.519140625,
        0.530078125,
        0.525,
        0.522265625,
        0.5296875,
        0.516015625,
        0.53671875,
        0.507421875,
        0.5265625,
        0.533984375,
        0.50859375,
        0.53359375,
        0.538671875,
        0.515234375,
        0.52890625,
        0.532421875,
        0.53125,
        0.5328125,
        0.528515625,
        0.527734375,
        0.528125,
        0.524609375,
        0.516796875,
        0.527734375,
        0.534765625,
        0.53671875,
        0.528125,
        0.525390625,
        0.530859375,
        0.54453125,
        0.514453125,
        0.528515625,
        0.54453125,
        0.541015625,
        0.523046875,
        0.528125,
        0.530078125,
        0.51953125,
        0.522265625
    ],
    "train_loss": [
        0.007228959770873189,
        0.007221910031512379,
        0.0071194242686033245,
        0.0070880117360502485,
        0.007142621232196689,
        0.007037993404082954,
        0.007067857682704926,
        0.007046213163994253,
        0.0070841977372765545,
        0.007063238765113056,
        0.007022595242597162,
        0.00700935700442642,
        0.006996276159770787,
        0.007039658119902014,
        0.007010711682960391,
        0.006935442262329161,
        0.007024653675034642,
        0.006953335739672184,
        0.006987745314836502,
        0.00694887840654701,
        0.006935887970030308,
        0.00693531536962837,
        0.006918399804271757,
        0.006976257567293942,
        0.006899901363067329,
        0.00693619626108557,
        0.006938260607421398,
        0.006910114618949592,
        0.006981291947886348,
        0.006956814625300467,
        0.00692007252946496,
        0.006916662654839456,
        0.006899026734754443,
        0.006907435040920973,
        0.0069457488134503365,
        0.006924407184123993,
        0.0068832753226161,
        0.006888905516825616,
        0.00692624649964273,
        0.006858815625309944,
        0.0068679009564220905,
        0.006867029308341444,
        0.006864869082346558,
        0.00687039578333497,
        0.0068747596582397815,
        0.006866531074047088,
        0.00684081760700792,
        0.006891413289122283,
        0.006896998640149832,
        0.006898295017890632,
        0.006880900845862925,
        0.006898596114479005,
        0.0068689889274537565,
        0.0068541366374120114,
        0.006846170150674879,
        0.006874665943905711,
        0.006887716031633318,
        0.006857217731885612,
        0.006882249261252582,
        0.0068580804392695425,
        0.006829381245188415,
        0.006872737873345613,
        0.00686197355389595,
        0.006868501845747233,
        0.006864289799705148,
        0.0068390633212402465,
        0.006893251021392643,
        0.006827076454646886,
        0.006894369563087821,
        0.006840342353098094,
        0.006860912428237498,
        0.006879302323795855,
        0.006840763916261494,
        0.006802889727987349,
        0.006881055445410312,
        0.00684127788990736,
        0.00684645683504641,
        0.006826486298814416,
        0.006852124165743589,
        0.00683975366409868,
        0.006844114931300283,
        0.00682413512840867,
        0.0068541783140972255,
        0.006846275948919356,
        0.006850230949930846,
        0.006803585798479617,
        0.006818808987736702,
        0.006842378177680075,
        0.006878279126249253,
        0.00682002364192158,
        0.006803761748597026,
        0.0068608476547524335,
        0.006853980850428343,
        0.006830428238026797,
        0.006837769807316363,
        0.006827646400779486,
        0.006841924577020109,
        0.006870390917174518,
        0.0068992448039352896,
        0.006859149667434394
    ],
    "val_accuracy": [
        0.484375,
        0.4875,
        0.4875,
        0.4953125,
        0.49375,
        0.49375,
        0.509375,
        0.4921875,
        0.490625,
        0.49375,
        0.490625,
        0.49375,
        0.515625,
        0.5046875,
        0.4921875,
        0.4953125,
        0.49375,
        0.4921875,
        0.49375,
        0.496875,
        0.51875,
        0.5140625,
        0.49375,
        0.4953125,
        0.515625,
        0.5203125,
        0.496875,
        0.5171875,
        0.51875,
        0.5125,
        0.496875,
        0.5171875,
        0.5203125,
        0.4953125,
        0.5109375,
        0.51875,
        0.51875,
        0.5078125,
        0.4953125,
        0.515625,
        0.496875,
        0.4953125,
        0.4984375,
        0.515625,
        0.496875,
        0.51875,
        0.51875,
        0.51875,
        0.4984375,
        0.496875,
        0.5078125,
        0.4984375,
        0.496875,
        0.4984375,
        0.4984375,
        0.503125,
        0.515625,
        0.4953125,
        0.5109375,
        0.51875,
        0.50625,
        0.515625,
        0.503125,
        0.4984375,
        0.49375,
        0.5109375,
        0.496875,
        0.496875,
        0.5171875,
        0.5125,
        0.5125,
        0.4953125,
        0.5171875,
        0.5171875,
        0.50625,
        0.5015625,
        0.5125,
        0.5171875,
        0.5109375,
        0.5171875,
        0.5171875,
        0.51875,
        0.4953125,
        0.5171875,
        0.5171875,
        0.5171875,
        0.496875,
        0.49375,
        0.5171875,
        0.5015625,
        0.5171875,
        0.4890625,
        0.4953125,
        0.4953125,
        0.4984375,
        0.5109375,
        0.496875,
        0.4921875,
        0.4984375,
        0.51875
    ],