{
    "model_id": "f4923d90-667a-4188-b27e-e0a517d245db",
    "train_accuracy": [
        0.556640625,
        0.659765625,
        0.705078125,
        0.71171875,
        0.738671875,
        0.752734375,
        0.771875,
        0.775390625,
        0.791015625,
        0.79609375,
        0.78984375,
        0.817578125,
        0.830078125,
        0.82734375,
        0.829296875,
        0.85234375,
        0.840625,
        0.85625,
        0.846875,
        0.866796875,
        0.861328125,
        0.880859375,
        0.88125,
        0.87890625,
        0.887890625,
        0.8953125,
        0.898046875,
        0.899609375,
        0.896875,
        0.91328125,
        0.9109375,
        0.913671875,
        0.919140625,
        0.92421875,
        0.916015625,
        0.926953125,
        0.926171875,
        0.930078125,
        0.934765625,
        0.939453125,
        0.93828125,
        0.93359375,
        0.941796875,
        0.941015625,
        0.947265625,
        0.942578125,
        0.941015625,
        0.945703125,
        0.953125,
        0.95703125,
        0.95703125,
        0.9453125,
        0.952734375,
        0.954296875,
        0.95859375,
        0.958984375,
        0.95859375,
        0.954296875,
        0.958984375,
        0.9625,
        0.96484375,
        0.961328125,
        0.96953125,
        0.968359375,
        0.970703125,
        0.965234375,
        0.96953125,
        0.966796875,
        0.972265625,
        0.959765625,
        0.967578125,
        0.972265625,
        0.971484375,
        0.9765625,
        0.97578125,
        0.973046875,
        0.9765625,
        0.974609375,
        0.96796875,
        0.97421875,
        0.971875,
        0.975,
        0.976953125,
        0.974609375,
        0.980078125,
        0.974609375,
        0.978515625,
        0.976953125,
        0.9765625,
        0.978125,
        0.97734375,
        0.98671875,
        0.978125,
        0.9828125,
        0.98203125,
        0.978515625,
        0.978125,
        0.98515625,
        0.98203125,
        0.97734375
    ],
    "train_loss": [
        0.007121222093701363,
        0.006246756808832288,
        0.005757412349339575,
        0.005556450178846717,
        0.005295887764077634,
        0.0050138693186454475,
        0.004875821876339614,
        0.004711426666472107,
        0.004475571436341852,
        0.004425254266243428,
        0.004288571968208999,
        0.004075949382968247,
        0.003858870535623282,
        0.0038867249968461692,
        0.0038358532125130295,
        0.003514412324875593,
        0.0035314241773448884,
        0.003320632944814861,
        0.003278872981900349,
        0.0030727449571713804,
        0.0030384417390450836,
        0.0028475346567574888,
        0.0028021923324558886,
        0.0027471554116345943,
        0.002672201255336404,
        0.0025467968895100056,
        0.002383083471795544,
        0.002360720292199403,
        0.0024221964995376766,
        0.0022029465704690664,
        0.0021209562924923374,
        0.0020918756839819253,
        0.0020973807462723927,
        0.001909781774156727,
        0.0019690151209943,
        0.0018186024826718494,
        0.0018152344855479896,
        0.001796918231411837,
        0.0017201855109306053,
        0.0016388571239076555,
        0.0015454267093446105,
        0.0016732982563553377,
        0.001453137447242625,
        0.0014448770292801783,
        0.0014268653525505216,
        0.0013510472141206264,
        0.0014682576700579375,
        0.0013932774061686359,
        0.0012794153939466924,
        0.0011984899843810125,
        0.0011988742713583632,
        0.0013121702242642642,
        0.0011777267922298052,
        0.001146378846897278,
        0.0011292913812212646,
        0.001088775684183929,
        0.0011047856372897514,
        0.0010719354264438151,
        0.001080232104868628,
        0.0009393866072059609,
        0.0009321092380560003,
        0.00106882311811205,
        0.0009222118438628968,
        0.0009126100980211049,
        0.0008609980824985542,
        0.0008645051442726981,
        0.0008008600489119999,
        0.0008620855645858682,
        0.0007933394706924445,
        0.0010173657465202268,
        0.0009313792601460591,
        0.000668569087429205,
        0.0008488186758768279,
        0.0007438589622324798,
        0.0006651063966273795,
        0.000733001324988436,
        0.0006690493435598909,
        0.0006106342385464814,
        0.0008757878298638388,
        0.0007484985275368672,
        0.0007691074461035896,
        0.000665130442212103,
        0.0006814355845563113,
        0.0006792224950913806,
        0.0006335842685075477,
        0.0006930536299478262,
        0.000559088634327054,
        0.000645853819878539,
        0.0006761669170373352,
        0.0007124498202756513,
        0.0006390314170857892,
        0.0004480866173253162,
        0.0005878334734006785,
        0.0005350918749172706,
        0.0005409198256529635,
        0.0005924853816395625,
        0.0005846961108545657,
        0.0005663300384185277,
        0.0005699139015632682,
        0.0006323948684439529
    ],
    "val_accuracy": [
        0.5796875,
        0.6421875,
        0.6953125,
        0.7015625,
        0.715625,
        0.715625,
        0.7140625,
        0.7203125,
        0.7171875,
        0.7296875,
        0.7171875,
        0.7296875,
        0.7234375,
        0.73125,
        0.7234375,
        0.7234375,
        0.7375,
        0.7296875,
        0.721875,
        0.7203125,
        0.7203125,
        0.7234375,
        0.7140625,
        0.740625,
        0.7234375,
        0.71875,
        0.7265625,
        0.709375,
        0.715625,
        0.73125,
        0.7171875,
        0.725,
        0.7140625,
        0.7203125,
        0.721875,
        0.7078125,
        0.7078125,
        0.7,
        0.7234375,
        0.725,
        0.7171875,
        0.7234375,
        0.7171875,
        0.7203125,
        0.715625,
        0.7203125,
        0.73125,
        0.7234375,
        0.7203125,
        0.725,
        0.7171875,
        0.715625,
        0.715625,
        0.725,
        0.7203125,
        0.7203125,
        0.70625,
        0.715625,
        0.71875,
        0.728125,
        0.70625,
        0.7015625,
        0.7140625,
        0.7015625,
        0.715625,
        0.7125,
        0.71875,
        0.721875,
        0.721875,
        0.70625,
        0.709375,
        0.721875,
        0.71875,
        0.7140625,
        0.71875,
        0.7171875,
        0.725,
        0.725,
        0.7140625,
        0.725,
        0.7265625,
        0.715625,
        0.7109375,
        0.7125,
        0.709375,
        0.7171875,
        0.7359375,
        0.71875,
        0.7234375,
        0.7296875,
        0.7265625,
        0.7203125,
        0.7234375,
        0.7234375,
        0.7234375,
        0.734375,
        0.728125,
        0.7125,
        0.7234375,
        0.725
    ],