{
    "model_id": "d4282ff6-d261-4735-aece-c7c4f2463ebc",
    "train_accuracy": [
        0.57734375,
        0.6328125,
        0.67578125,
        0.710546875,
        0.72421875,
        0.73203125,
        0.750390625,
        0.763671875,
        0.777734375,
        0.77578125,
        0.790625,
        0.78984375,
        0.815234375,
        0.8203125,
        0.822265625,
        0.820703125,
        0.837109375,
        0.83828125,
        0.853125,
        0.851953125,
        0.869140625,
        0.86484375,
        0.867578125,
        0.869140625,
        0.875,
        0.889453125,
        0.90234375,
        0.90234375,
        0.899609375,
        0.90078125,
        0.902734375,
        0.914453125,
        0.91953125,
        0.921484375,
        0.934375,
        0.916796875,
        0.9328125,
        0.9390625,
        0.933984375,
        0.9390625,
        0.930078125,
        0.934765625,
        0.946875,
        0.944140625,
        0.95,
        0.949609375,
        0.953515625,
        0.949609375,
        0.953125,
        0.96015625,
        0.960546875,
        0.963671875,
        0.95390625,
        0.958203125,
        0.96015625,
        0.9640625,
        0.9671875,
        0.968359375,
        0.96953125,
        0.96796875,
        0.962109375,
        0.9640625,
        0.96484375,
        0.961328125,
        0.966015625,
        0.97421875,
        0.97421875,
        0.972265625,
        0.970703125,
        0.96796875,
        0.96171875,
        0.976171875,
        0.9765625,
        0.97265625,
        0.971484375,
        0.9703125,
        0.979296875,
        0.977734375,
        0.97578125,
        0.98046875,
        0.97265625,
        0.974609375,
        0.976171875,
        0.97109375,
        0.97734375,
        0.983203125,
        0.974609375,
        0.96796875,
        0.97734375,
        0.9875,
        0.984765625,
        0.98671875,
        0.98203125,
        0.980859375,
        0.9828125,
        0.98515625,
        0.980859375,
        0.98046875,
        0.98359375,
        0.982421875
    ],
    "train_loss": [
        0.0071015847381204365,
        0.006461521331220865,
        0.00606321005616337,
        0.005760458076838404,
        0.005475783674046397,
        0.00538312093121931,
        0.0051026847097091375,
        0.005021450819913298,
        0.0048393078497610984,
        0.0047474166960455476,
        0.004515362530946731,
        0.0044949070434086025,
        0.004195767571218312,
        0.004139475815463811,
        0.003999151044990867,
        0.0039010984706692397,
        0.003787673928309232,
        0.003651157324202359,
        0.003486745257396251,
        0.003463612333871424,
        0.0031518847041297703,
        0.003163520194357261,
        0.003214223706163466,
        0.002917928615352139,
        0.0029174085007980465,
        0.002733507112134248,
        0.002450786140980199,
        0.002417386701563373,
        0.0024168124597053974,
        0.0024159939435776322,
        0.0023466421465855093,
        0.00213133943034336,
        0.002096514875302091,
        0.0019896955345757306,
        0.001768354224623181,
        0.002077545662177727,
        0.0017225247895112262,
        0.0016744601947721095,
        0.001684702656348236,
        0.0016379541659262032,
        0.0017403193429345264,
        0.001577957803965546,
        0.0014112306773313322,
        0.0014982397493440657,
        0.0013688338483916595,
        0.0013734636595472693,
        0.0012510383792687207,
        0.0013194792962167412,
        0.0012249394378159196,
        0.0011918468735530041,
        0.001144348256639205,
        0.0010149708017706872,
        0.0012070218872395344,
        0.0012444366846466437,
        0.0010379622137406841,
        0.0010094831290189178,
        0.0010262624091410544,
        0.000953040503372904,
        0.0008792507112957537,
        0.0008932080265367404,
        0.001001963997259736,
        0.0009163875089143403,
        0.0009301008816692047,
        0.0010632819234160707,
        0.0008580309433455114,
        0.0008097549813101068,
        0.0007360028168477584,
        0.0007651178013475147,
        0.0007155495397455525,
        0.0008360948551853653,
        0.0009358070368762128,
        0.0007480852080334443,
        0.0007236919587739976,
        0.0007207085785921663,
        0.0007837494951672852,
        0.0008086940768407657,
        0.0006135468545835465,
        0.0005861215977347456,
        0.0006340069434372708,
        0.0005736381994211115,
        0.0007497060527384747,
        0.0006531859391543549,
        0.000675359288288746,
        0.0007606226536154281,
        0.0005951280720182695,
        0.0004984924013115233,
        0.0006664437489234843,
        0.0007894941409176681,
        0.0006294210928899701,
        0.0004409128989209421,
        0.0004269851473509334,
        0.0004620573112333659,
        0.0006001779627695214,
        0.0005026142229326069,
        0.00046653951139887797,
        0.0004918729537166655,
        0.0005854546798218507,
        0.000547603066843294,
        0.0004920684379612795,
        0.0004799008811460226
    ],
    "val_accuracy": [
        0.4828125,
        0.6125,
        0.665625,
        0.6765625,
        0.6578125,
        0.70625,
        0.696875,
        0.715625,
        0.7046875,
        0.715625,
        0.709375,
        0.7140625,
        0.715625,
        0.703125,
        0.7140625,
        0.70625,
        0.6984375,
        0.6875,
        0.665625,
        0.7,
        0.653125,
        0.6734375,
        0.7078125,
        0.6828125,
        0.6578125,
        0.66875,
        0.7046875,
        0.703125,
        0.675,
        0.6640625,
        0.65625,
        0.6765625,
        0.690625,
        0.6953125,
        0.6671875,
        0.690625,
        0.6828125,
        0.68125,
        0.6640625,
        0.690625,
        0.659375,
        0.69375,
        0.68125,
        0.69375,
        0.68125,
        0.64375,
        0.6859375,
        0.6765625,
        0.6796875,
        0.634375,
        0.684375,
        0.70625,
        0.6640625,
        0.678125,
        0.68125,
        0.6953125,
        0.659375,
        0.6890625,
        0.6765625,
        0.678125,
        0.6875,
        0.659375,
        0.6515625,
        0.7,
        0.690625,
        0.6875,
        0.684375,
        0.7015625,
        0.6859375,
        0.6890625,
        0.7109375,
        0.7015625,
        0.6421875,
        0.684375,
        0.5875,
        0.703125,
        0.703125,
        0.703125,
        0.6921875,
        0.715625,
        0.703125,
        0.69375,
        0.6890625,
        0.6890625,
        0.69375,
        0.696875,
        0.690625,
        0.6921875,
        0.6921875,
        0.684375,
        0.6921875,
        0.6796875,
        0.690625,
        0.70625,
        0.6984375,
        0.690625,
        0.7,
        0.6671875,
        0.675,
        0.7046875
    ],