{
    "model_id": "c8d2056a-4d85-449e-9e59-fc567a321443",
    "train_accuracy": [
        0.506640625,
        0.535546875,
        0.5421875,
        0.57421875,
        0.58828125,
        0.61796875,
        0.622265625,
        0.65078125,
        0.664453125,
        0.68125,
        0.683984375,
        0.694921875,
        0.716015625,
        0.717578125,
        0.710546875,
        0.725,
        0.73828125,
        0.73515625,
        0.73515625,
        0.752734375,
        0.75703125,
        0.75390625,
        0.747265625,
        0.755859375,
        0.78203125,
        0.76953125,
        0.769921875,
        0.772265625,
        0.767578125,
        0.78125,
        0.775390625,
        0.781640625,
        0.78203125,
        0.79140625,
        0.792578125,
        0.80703125,
        0.810546875,
        0.800390625,
        0.80859375,
        0.80234375,
        0.800390625,
        0.796484375,
        0.80625,
        0.81640625,
        0.818359375,
        0.81171875,
        0.817578125,
        0.819921875,
        0.821875,
        0.83515625,
        0.824609375,
        0.821484375,
        0.828515625,
        0.828515625,
        0.824609375,
        0.8359375,
        0.835546875,
        0.836328125,
        0.840625,
        0.84453125,
        0.844921875,
        0.846484375,
        0.834375,
        0.841796875,
        0.84609375,
        0.84765625,
        0.851171875,
        0.85546875,
        0.857421875,
        0.862109375,
        0.85703125,
        0.853515625,
        0.865234375,
        0.8515625,
        0.852734375,
        0.855859375,
        0.86484375,
        0.85625,
        0.8609375,
        0.862109375,
        0.87421875,
        0.873046875,
        0.868359375,
        0.870703125,
        0.8890625,
        0.865234375,
        0.8796875,
        0.883203125,
        0.883984375,
        0.876953125,
        0.876171875,
        0.8796875,
        0.89140625,
        0.888671875,
        0.8796875,
        0.886328125,
        0.882421875,
        0.874609375,
        0.891796875,
        0.884765625
    ],
    "train_loss": [
        0.008332978771068155,
        0.007728604692965746,
        0.0074746907921507955,
        0.007126984023489058,
        0.006890178681351245,
        0.0066295311553403735,
        0.006497720838524401,
        0.006345426687039435,
        0.006316903769038618,
        0.006140620424412191,
        0.005959400488063693,
        0.005882933433167636,
        0.005729233019519597,
        0.005702435900457203,
        0.005783075653016567,
        0.005555763037409634,
        0.00546125351684168,
        0.005418333073612303,
        0.005403901881072671,
        0.005232609156519174,
        0.005163473670836538,
        0.0052094512735493485,
        0.0051307254005223514,
        0.005130730371456593,
        0.004903086461126804,
        0.00493406766327098,
        0.004998813290148974,
        0.004969091597013175,
        0.004923627793323249,
        0.004748920118436218,
        0.004805657360702753,
        0.004710105818230659,
        0.004797889571636915,
        0.004655985347926617,
        0.004659584700129926,
        0.004417476186063141,
        0.0044446180225349964,
        0.004446111444849521,
        0.004356816236395389,
        0.004394674801733345,
        0.004494020889978856,
        0.0043930916697718205,
        0.004328119929414243,
        0.004208726005163044,
        0.004183205519802868,
        0.004232046415563673,
        0.004185238457284868,
        0.004148673790041357,
        0.004078698728699237,
        0.0038999847951345147,
        0.00406455178745091,
        0.004210148262791336,
        0.003859491436742246,
        0.00391875384375453,
        0.003972669586073607,
        0.003829346760176122,
        0.003719616704620421,
        0.0036977439187467097,
        0.0036091720568947492,
        0.0035862439312040807,
        0.003580428415443748,
        0.003729461331386119,
        0.0036889268434606493,
        0.0037124615046195686,
        0.003567501378711313,
        0.003614685672800988,
        0.003545547428075224,
        0.003458103514276445,
        0.0034549101488664745,
        0.003490172285819426,
        0.0033919198729563506,
        0.003378562693251297,
        0.0033388420997653157,
        0.003387001622468233,
        0.003527143580140546,
        0.003516735776793212,
        0.0033082493580877783,
        0.0034704709134530274,
        0.0033494391827844083,
        0.003283504635328427,
        0.0031508800049778072,
        0.003231523459544405,
        0.0031349176308140157,
        0.0032545957947149873,
        0.00296416410128586,
        0.0030978136172052475,
        0.003049270622432232,
        0.0028693758067674935,
        0.0028914329246617853,
        0.003065203799633309,
        0.0031404014793224634,
        0.0028959225164726377,
        0.0027596212399657815,
        0.0027985287888441235,
        0.002936510561266914,
        0.0028967174410354348,
        0.002874526137020439,
        0.002841889939736575,
        0.0027095735596958546,
        0.0027944785833824426
    ],
    "val_accuracy": [
        0.5265625,
        0.6640625,
        0.69375,
        0.6953125,
        0.7,
        0.7046875,
        0.7078125,
        0.7171875,
        0.7109375,
        0.715625,
        0.715625,
        0.7234375,
        0.721875,
        0.728125,
        0.73125,
        0.7296875,
        0.73125,
        0.7328125,
        0.7375,
        0.7296875,
        0.7265625,
        0.73125,
        0.728125,
        0.7203125,
        0.7296875,
        0.725,
        0.7234375,
        0.715625,
        0.7265625,
        0.725,
        0.725,
        0.7234375,
        0.721875,
        0.728125,
        0.7203125,
        0.7203125,
        0.7171875,
        0.7171875,
        0.728125,
        0.725,
        0.7234375,
        0.7171875,
        0.7125,
        0.7140625,
        0.7171875,
        0.7140625,
        0.7125,
        0.715625,
        0.7125,
        0.7171875,
        0.7171875,
        0.715625,
        0.7140625,
        0.7109375,
        0.71875,
        0.7109375,
        0.7140625,
        0.71875,
        0.715625,
        0.71875,
        0.7203125,
        0.7140625,
        0.721875,
        0.715625,
        0.7171875,
        0.715625,
        0.71875,
        0.721875,
        0.7203125,
        0.7234375,
        0.725,
        0.725,
        0.721875,
        0.725,
        0.721875,
        0.7265625,
        0.71875,
        0.7171875,
        0.721875,
        0.7171875,
        0.7234375,
        0.7296875,
        0.7203125,
        0.7234375,
        0.73125,
        0.721875,
        0.7234375,
        0.728125,
        0.7203125,
        0.7328125,
        0.725,
        0.721875,
        0.725,
        0.7171875,
        0.721875,
        0.7234375,
        0.728125,
        0.734375,
        0.73125,
        0.7203125
    ],