{
    "model_id": "095eb1d5-7024-4213-92f2-51232ce0b816",
    "train_accuracy": [
        0.534375,
        0.581640625,
        0.601953125,
        0.621484375,
        0.61015625,
        0.624609375,
        0.630078125,
        0.625,
        0.566015625,
        0.58515625,
        0.61484375,
        0.640234375,
        0.62265625,
        0.622265625,
        0.62578125,
        0.61796875,
        0.60234375,
        0.6203125,
        0.61171875,
        0.5890625,
        0.61171875,
        0.601953125,
        0.58828125,
        0.5203125,
        0.54296875,
        0.540625,
        0.5140625,
        0.53046875,
        0.509765625,
        0.5046875,
        0.491796875,
        0.52109375,
        0.5328125,
        0.5125,
        0.50234375,
        0.498828125,
        0.490234375,
        0.5203125,
        0.4984375,
        0.489453125,
        0.49765625,
        0.49765625,
        0.484765625,
        0.5015625,
        0.501953125,
        0.515625,
        0.498828125,
        0.50390625,
        0.495703125,
        0.512109375,
        0.491015625,
        0.51640625,
        0.518359375,
        0.505859375,
        0.49453125,
        0.516015625,
        0.50625,
        0.547265625,
        0.500390625,
        0.51796875,
        0.5140625,
        0.49296875,
        0.51171875,
        0.505078125,
        0.480078125,
        0.4921875,
        0.482421875,
        0.501171875,
        0.500390625,
        0.498046875,
        0.503515625,
        0.496484375,
        0.496484375,
        0.487890625,
        0.51015625,
        0.494140625,
        0.490234375,
        0.491015625,
        0.487109375,
        0.503515625,
        0.498828125,
        0.495703125,
        0.497265625,
        0.494140625,
        0.519140625,
        0.483203125,
        0.498046875,
        0.4890625,
        0.488671875,
        0.50703125,
        0.49921875,
        0.48125,
        0.4984375,
        0.48125,
        0.501953125,
        0.49609375,
        0.500390625,
        0.4890625,
        0.505859375,
        0.4859375
    ],
    "train_loss": [
        0.027541868644766508,
        0.0071976165752857925,
        0.006712830951437354,
        0.006957698822952807,
        0.006696740887127817,
        0.006471587880514562,
        0.006695103319361806,
        0.006500763958320022,
        0.0066934525500983,
        0.006715428875759244,
        0.00644818008877337,
        0.006180084496736527,
        0.006456592003814876,
        0.006328779133036732,
        0.0063737932126969096,
        0.0065150243462994695,
        0.006380325905047357,
        0.0064619299955666065,
        0.006509017897769809,
        0.006290833419188857,
        0.006297030416317284,
        0.006273372797295451,
        0.006917500519193709,
        0.007047668262384832,
        0.006928474013693631,
        0.008003502804785966,
        0.007132427557371557,
        0.007282882719300688,
        0.008342767553403973,
        0.00774137070402503,
        0.007155210385099054,
        0.0071222345577552915,
        0.006948585179634393,
        0.0071046662516891955,
        0.007203356781974435,
        0.007181297754868865,
        0.007091795117594302,
        0.0069367913762107495,
        0.007307568937540055,
        0.0072728394297882915,
        0.007120678434148431,
        0.00718689332716167,
        0.007065749098546803,
        0.0070865335641428825,
        0.007665037410333753,
        0.007208614842966199,
        0.007217855681665242,
        0.007117950962856412,
        0.007163596991449595,
        0.007163252867758274,
        0.007284903037361801,
        0.00701665177475661,
        0.006951095233671367,
        0.007294374937191606,
        0.00708163371309638,
        0.007051153434440493,
        0.007614929089322686,
        0.006936845229938626,
        0.0069727638037875295,
        0.007046613190323114,
        0.007361412094905972,
        0.007110263220965862,
        0.007125979801639914,
        0.0070696182548999785,
        0.007078605331480503,
        0.007235447270795703,
        0.007884250325150787,
        0.007070271298289299,
        0.007093918975442648,
        0.007072093733586371,
        0.007142062252387405,
        0.007070552278310061,
        0.007094699284061789,
        0.007126493682153523,
        0.00710387674625963,
        0.007099669519811868,
        0.007075652433559299,
        0.007118150545284152,
        0.007207013037987054,
        0.0070912937168031934,
        0.00722712657880038,
        0.00713210292160511,
        0.00715417128521949,
        0.00714282370172441,
        0.007174818031489849,
        0.007230320549570024,
        0.007068353751674294,
        0.007464662962593138,
        0.007154603232629597,
        0.007137162028811872,
        0.007110172510147094,
        0.007220263429917395,
        0.007460284885019064,
        0.007234043977223337,
        0.007149141631089151,
        0.007125759334303439,
        0.0081314297625795,
        0.007137311249971389,
        0.00716404253616929,
        0.007116697472520172
    ],
    "val_accuracy": [
        0.615625,
        0.5671875,
        0.653125,
        0.578125,
        0.5359375,
        0.6015625,
        0.575,
        0.6078125,
        0.6171875,
        0.6359375,
        0.65625,
        0.6875,
        0.6234375,
        0.6296875,
        0.625,
        0.61875,
        0.6515625,
        0.54375,
        0.596875,
        0.60625,
        0.5875,
        0.6125,
        0.49375,
        0.5640625,
        0.5171875,
        0.54375,
        0.5921875,
        0.590625,
        0.484375,
        0.5125,
        0.50625,
        0.56875,
        0.484375,
        0.484375,
        0.5171875,
        0.5171875,
        0.484375,
        0.5171875,
        0.5171875,
        0.484375,
        0.484375,
        0.50625,
        0.4859375,
        0.5953125,
        0.4859375,
        0.5078125,
        0.4875,
        0.484375,
        0.5171875,
        0.5171875,
        0.5171875,
        0.5171875,
        0.5171875,
        0.5171875,
        0.484375,
        0.5171875,
        0.5171875,
        0.5171875,
        0.5171875,
        0.53125,
        0.4828125,
        0.4828125,
        0.4828125,
        0.5171875,
        0.5171875,
        0.4828125,
        0.4828125,
        0.5171875,
        0.5171875,
        0.5171875,
        0.5171875,
        0.4828125,
        0.5171875,
        0.5171875,
        0.5171875,
        0.5171875,
        0.4828125,
        0.5171875,
        0.4828125,
        0.4828125,
        0.5171875,
        0.5171875,
        0.5171875,
        0.5171875,
        0.5171875,
        0.5171875,
        0.4828125,
        0.4828125,
        0.515625,
        0.4828125,
        0.5171875,
        0.6640625,
        0.5171875,
        0.484375,
        0.5171875,
        0.4859375,
        0.484375,
        0.484375,
        0.5171875,
        0.4859375
    ],