{
    "model_id": "2f50045f-9309-40e3-9f68-ba51c4337823",
    "train_accuracy": [
        0.584765625,
        0.673046875,
        0.713671875,
        0.737109375,
        0.747265625,
        0.7609375,
        0.775,
        0.782421875,
        0.79140625,
        0.80625,
        0.81015625,
        0.827734375,
        0.825,
        0.8203125,
        0.8484375,
        0.840625,
        0.848828125,
        0.8515625,
        0.86953125,
        0.8703125,
        0.873828125,
        0.88828125,
        0.884765625,
        0.8890625,
        0.902734375,
        0.89921875,
        0.901171875,
        0.9078125,
        0.903125,
        0.9046875,
        0.915234375,
        0.919921875,
        0.92578125,
        0.92734375,
        0.9265625,
        0.927734375,
        0.9375,
        0.926953125,
        0.934375,
        0.946875,
        0.944140625,
        0.95078125,
        0.944140625,
        0.941015625,
        0.940625,
        0.95,
        0.950390625,
        0.94765625,
        0.95234375,
        0.9515625
    ],
    "train_loss": [
        0.006985971122048795,
        0.006112701119855046,
        0.005706707842182368,
        0.005279294960200786,
        0.005272609193343669,
        0.004933617392089218,
        0.004805214947555214,
        0.0046918322565034035,
        0.0044768037390895184,
        0.004306237259879708,
        0.004240934445988387,
        0.00396004079375416,
        0.0038537124637514353,
        0.003839960030745715,
        0.0036487343604676425,
        0.0036338567442726344,
        0.0033580773917492477,
        0.003309272270416841,
        0.0031319666013587266,
        0.0030225153372157366,
        0.0029378919396549465,
        0.002805275650462136,
        0.002712100901408121,
        0.0027177517069503663,
        0.002379103458952159,
        0.0025401436781976373,
        0.0024674700398463756,
        0.002238120406400412,
        0.0024098197522107513,
        0.002189257153077051,
        0.002062783861765638,
        0.0020286624028813096,
        0.0019495514541631564,
        0.0018939088273327797,
        0.0018071475438773631,
        0.0018386662181001157,
        0.0016681809269357474,
        0.0018248823966132478,
        0.0016799709032056854,
        0.0015438892354723067,
        0.0015143886092118918,
        0.0013229868141934275,
        0.001483912140247412,
        0.001505603312398307,
        0.0016058064997196198,
        0.0012909241995657794,
        0.0013122435222612694,
        0.0012856157642090692,
        0.001261432669707574,
        0.0012889144782093354
    ],
    "val_accuracy": [
        0.4828125,
        0.484375,
        0.65625,
        0.7234375,
        0.71875,
        0.7203125,
        0.7234375,
        0.725,
        0.7296875,
        0.7359375,
        0.734375,
        0.7453125,
        0.7390625,
        0.740625,
        0.7359375,
        0.7375,
        0.7328125,
        0.740625,
        0.75,
        0.746875,
        0.734375,
        0.73125,
        0.7265625,
        0.7296875,
        0.7328125,
        0.7296875,
        0.740625,
        0.7234375,
        0.734375,
        0.728125,
        0.71875,
        0.7328125,
        0.734375,
        0.734375,
        0.7328125,
        0.728125,
        0.7203125,
        0.7421875,
        0.728125,
        0.7265625,
        0.7359375,
        0.7296875,
        0.7296875,
        0.721875,
        0.728125,
        0.7328125,
        0.7328125,
        0.734375,
        0.7296875,
        0.73125
    ],
    "val_loss": [
        0.008351189084351063,
        0.008587620873004197,
        0.006682878918945789,
        0.006035331031307578,
        0.00601578401401639,
        0.0059797014109790325,
        0.005953389313071966,
        0.005931410938501358,
        0.005975522939115763,
        0.005968543188646436,
        0.006044055474922061,
        0.006032976508140564,
        0.006098162196576595,
        0.006208148738369346,
        0.006278666388243437,
        0.0063964225817471744,
        0.006474411487579346,
        0.006586842332035303,
        0.0067094284109771255,
        0.006767246965318918,
        0.006899157352745533,
        0.006835112534463406,
        0.00720702838152647,
        0.007285154610872269,
        0.007393542071804404,
        0.007521736668422818,
        0.007548979669809342,
        0.007895064819604159,
        0.007843743078410625,
        0.0078251495026052,
        0.007915580878034234,
        0.007932247314602136,
        0.00809373902156949,
        0.008379489369690418,
        0.008303459826856851,
        0.00881815403699875,
        0.00882364772260189,
        0.008753278013318776,
        0.008725167252123356,
        0.008843767549842596,
        0.009135552495718003,
        0.009313128516077995,
        0.00944281741976738,
        0.0096632762812078,
        0.009481353405863046,
        0.009708813484758138,
        0.009641846735030412,
        0.009777589421719312,
        0.010080419667065143,
        0.010000214632600545
    ],
    "hyperparameters": {
        "learning_rate": 0.0005,
        "num_epochs": 50,
        "batch_size": 100,
        "stem_v": false,
        "pool_v": "mean",
        "norm_v": true,
        "dropout_rate": 0.5
    },
    "results": {
        "classes": 2,
        "last_acc": 0.73125,
        "best_acc": 0.75,
        "best_acc_epoch": 18,
        "confusion_matrix": [
            [
                236,
                95
            ],
            [
                65,
                244
            ]
        ],
        "classification_report": "              precision    recall  f1-score   support\n\n     class 0       0.78      0.71      0.75       331\n     class 1       0.72      0.79      0.75       309\n\n    accuracy                           0.75       640\n   macro avg       0.75      0.75      0.75       640\nweighted avg       0.75      0.75      0.75       640\n"
    }
}