{
    "model_id": "5443bccf-16c9-4c10-93fd-21fdcf8c23f7",
    "train_accuracy": [
        0.57265625,
        0.6734375,
        0.706640625,
        0.73046875,
        0.7515625,
        0.762109375,
        0.784765625,
        0.782421875,
        0.790625,
        0.798828125,
        0.8171875,
        0.81171875,
        0.82421875,
        0.837890625,
        0.844140625,
        0.844140625,
        0.848046875,
        0.855859375,
        0.870703125,
        0.87578125,
        0.876953125,
        0.874609375,
        0.887109375,
        0.8859375,
        0.8875,
        0.8984375,
        0.90703125,
        0.906640625,
        0.911328125,
        0.9171875,
        0.91875,
        0.91171875,
        0.915234375,
        0.930078125,
        0.92578125,
        0.923046875,
        0.93203125,
        0.94296875,
        0.937109375,
        0.942578125,
        0.939453125,
        0.931640625,
        0.940234375,
        0.944140625,
        0.9515625,
        0.943359375,
        0.950390625,
        0.958203125,
        0.95078125,
        0.955078125,
        0.9515625,
        0.9546875,
        0.962109375,
        0.948046875,
        0.952734375,
        0.96484375,
        0.963671875,
        0.9546875,
        0.9640625,
        0.96640625,
        0.96953125,
        0.96875,
        0.96640625,
        0.96171875,
        0.959375,
        0.9671875,
        0.962890625,
        0.972265625,
        0.97265625,
        0.967578125,
        0.965234375,
        0.96796875,
        0.969140625,
        0.973828125,
        0.969921875,
        0.977734375,
        0.968359375,
        0.97265625,
        0.971875,
        0.975,
        0.975390625,
        0.97734375,
        0.972265625,
        0.972265625,
        0.96875,
        0.974609375,
        0.9765625,
        0.980859375,
        0.9765625,
        0.975390625,
        0.980859375,
        0.975390625,
        0.98203125,
        0.983984375,
        0.9828125,
        0.984375,
        0.983984375,
        0.976953125,
        0.97890625,
        0.97890625
    ],
    "train_loss": [
        0.007185415434651077,
        0.006146502518095076,
        0.00572212734259665,
        0.0054251386201940475,
        0.005094094085507095,
        0.004918826825451106,
        0.00473238843260333,
        0.004611753532662988,
        0.00446383667876944,
        0.004351405205670744,
        0.0041135552572086455,
        0.004069288435857743,
        0.00397988959448412,
        0.0036273715551942585,
        0.0035310829640366136,
        0.003555636084638536,
        0.0034581782994791864,
        0.003278153238352388,
        0.003153171652229503,
        0.002975178853375837,
        0.0029870158934500067,
        0.002870860369876027,
        0.002813614276237786,
        0.0027224167075473814,
        0.002666273503564298,
        0.002429710188880563,
        0.0024078856920823457,
        0.002363447891548276,
        0.0022342092648614197,
        0.0020861898257862775,
        0.0019811998994555325,
        0.0020950866921339182,
        0.002050663661793806,
        0.0018985474103828891,
        0.0019164028053637594,
        0.0018332849780563266,
        0.0017209487908985467,
        0.001561629885691218,
        0.001613840795471333,
        0.0015520525703323074,
        0.0015099544980330393,
        0.0015800228313310072,
        0.0015670672088162973,
        0.001476275801542215,
        0.0013241876265965402,
        0.0013909727131249383,
        0.0013147053425200284,
        0.001173431186180096,
        0.0011737495180568658,
        0.0012236276277690194,
        0.0012360407956293785,
        0.0011576270742807537,
        0.001148468973406125,
        0.0012418532292940653,
        0.0011928621563129127,
        0.0009947539962013251,
        0.0010738680342910812,
        0.001157064491417259,
        0.0009905834114761092,
        0.0009160514855466317,
        0.0009542491388856433,
        0.0009690929015050642,
        0.0008556582222809083,
        0.0010761917175841518,
        0.001072385726729408,
        0.0009130758800893091,
        0.0009845262102317065,
        0.00082071566284867,
        0.0008262834875495173,
        0.0008465627674013376,
        0.0009043865939020179,
        0.0008906022667360958,
        0.0008399529368034564,
        0.0006701000456814654,
        0.0008084289424004964,
        0.0007337228744290769,
        0.0007757798244711012,
        0.0007416516316880006,
        0.0007049126732454169,
        0.0006398750600055791,
        0.0007385348988464102,
        0.0006493146443972364,
        0.0007281607213371899,
        0.0007283888786332682,
        0.0007871625977713848,
        0.0006388264140696265,
        0.0005968813202343881,
        0.0006265250063734129,
        0.0006367205143760657,
        0.0005535858301300323,
        0.0005548939385334961,
        0.0005940830887993798,
        0.0005222564155701548,
        0.00046547492274839897,
        0.0004977662913006498,
        0.00044224338143976637,
        0.00048697067777538907,
        0.0005121182242874056,
        0.0006827220364357345,
        0.0005160775777767413
    ],
    "val_accuracy": [
        0.4921875,
        0.6578125,
        0.7046875,
        0.7203125,
        0.7265625,
        0.721875,
        0.7265625,
        0.7375,
        0.725,
        0.721875,
        0.7265625,
        0.71875,
        0.7296875,
        0.7296875,
        0.725,
        0.7140625,
        0.7296875,
        0.7203125,
        0.7234375,
        0.725,
        0.7265625,
        0.7265625,
        0.7125,
        0.7265625,
        0.73125,
        0.725,
        0.728125,
        0.7328125,
        0.7109375,
        0.728125,
        0.7375,
        0.7328125,
        0.728125,
        0.7296875,
        0.73125,
        0.725,
        0.7125,
        0.7375,
        0.7328125,
        0.728125,
        0.715625,
        0.7140625,
        0.7125,
        0.7328125,
        0.73125,
        0.725,
        0.73125,
        0.7203125,
        0.7234375,
        0.7375,
        0.7203125,
        0.7296875,
        0.725,
        0.740625,
        0.73125,
        0.740625,
        0.73125,
        0.7328125,
        0.7328125,
        0.7296875,
        0.7203125,
        0.7328125,
        0.7421875,
        0.725,
        0.7359375,
        0.73125,
        0.728125,
        0.725,
        0.725,
        0.7203125,
        0.740625,
        0.7390625,
        0.734375,
        0.7390625,
        0.734375,
        0.73125,
        0.7328125,
        0.7375,
        0.7296875,
        0.7171875,
        0.7234375,
        0.7234375,
        0.721875,
        0.721875,
        0.721875,
        0.721875,
        0.73125,
        0.7078125,
        0.728125,
        0.7265625,
        0.721875,
        0.7234375,
        0.7234375,
        0.7171875,
        0.7296875,
        0.70625,
        0.71875,
        0.71875,
        0.7234375,
        0.7140625
    ],