{
    "model_id": "d5a483f0-cdf8-4508-96e4-c96f889fc2ce",
    "train_accuracy": [
        0.586328125,
        0.6796875,
        0.71953125,
        0.759375,
        0.76015625,
        0.778515625,
        0.78984375,
        0.80078125,
        0.79765625,
        0.812890625,
        0.830078125,
        0.83125,
        0.824609375,
        0.847265625,
        0.840234375,
        0.872265625,
        0.857421875,
        0.86484375,
        0.858203125,
        0.871484375,
        0.887890625,
        0.880859375,
        0.8859375,
        0.892578125,
        0.889453125,
        0.891015625,
        0.908203125,
        0.90859375,
        0.91171875,
        0.908984375,
        0.91640625,
        0.91640625,
        0.918359375,
        0.93203125,
        0.930859375,
        0.93125,
        0.934765625,
        0.931640625,
        0.926171875,
        0.938671875,
        0.928125,
        0.936328125,
        0.94609375,
        0.942578125,
        0.942578125,
        0.95078125,
        0.941015625,
        0.95,
        0.940234375,
        0.941796875,
        0.95625,
        0.949609375,
        0.950390625,
        0.948828125,
        0.954296875,
        0.9546875,
        0.95703125,
        0.950390625,
        0.95390625,
        0.95703125,
        0.96171875,
        0.962109375,
        0.96015625,
        0.965625,
        0.966015625,
        0.95703125,
        0.960546875,
        0.96484375,
        0.967578125,
        0.962890625,
        0.9609375,
        0.9625,
        0.966015625,
        0.970703125,
        0.9578125,
        0.9671875,
        0.96796875,
        0.967578125,
        0.973828125,
        0.97265625,
        0.974609375,
        0.975390625,
        0.96796875,
        0.96484375,
        0.965625,
        0.966796875,
        0.968359375,
        0.971484375,
        0.977734375,
        0.967578125,
        0.9734375,
        0.968359375,
        0.97265625,
        0.97421875,
        0.969921875,
        0.974609375,
        0.973046875,
        0.983203125,
        0.969921875,
        0.9734375
    ],
    "train_loss": [
        0.017282163503114133,
        0.014945679088123142,
        0.013715671852696686,
        0.012674332805909216,
        0.01220278829568997,
        0.011887862614821642,
        0.011365610081702471,
        0.010758940887171775,
        0.010889785015024245,
        0.01023882336448878,
        0.009726135787786916,
        0.009385452361311764,
        0.009365695953601972,
        0.008861552766757087,
        0.0084720992250368,
        0.007803490094374865,
        0.008152266911929473,
        0.007906335394363851,
        0.0078360415995121,
        0.007556604599812999,
        0.006764965027105063,
        0.006889395858161151,
        0.006761903857113794,
        0.006194607188808732,
        0.006473904720041901,
        0.006418899574782699,
        0.00570655484625604,
        0.005488017314928584,
        0.00523025456641335,
        0.005373834585770965,
        0.005059546718257479,
        0.005210388217528816,
        0.005084513468318619,
        0.004349781897326465,
        0.004247112100711092,
        0.004237924567132722,
        0.00403951069311006,
        0.004218456818489358,
        0.004644911424838938,
        0.00392927365101059,
        0.0045778930361848325,
        0.004193938580283429,
        0.0034182988558313808,
        0.0036118207979598084,
        0.0034940401164931245,
        0.0030966954203904607,
        0.00357500773970969,
        0.0030341524034156464,
        0.003694936009560479,
        0.003581524023320526,
        0.003293667797697708,
        0.0032356627176341134,
        0.003211434897093568,
        0.003362436103634536,
        0.0030684271827340127,
        0.002808171895594569,
        0.0028774693942978046,
        0.003095375480916118,
        0.0030102010226983112,
        0.0029413034295430406,
        0.002675752118375385,
        0.002601520822645398,
        0.002650542452465743,
        0.0023279868608369727,
        0.002175176879245555,
        0.002696563509380212,
        0.002564520882515353,
        0.0022333441163937097,
        0.0024714589751965834,
        0.0024283290553285043,
        0.0026297377851733474,
        0.0024986113490740535,
        0.002329893766909663,
        0.0019750779454625446,
        0.002473607729734795,
        0.0023367401983705348,
        0.0020209315796819284,
        0.0022564830134797374,
        0.0018256680843478535,
        0.0019438518391325487,
        0.0019049922138947295,
        0.0017327262785329367,
        0.0021816210999531906,
        0.0022897507678862894,
        0.0022784142354794314,
        0.002189486905990634,
        0.002073113688493322,
        0.0018462000429281034,
        0.001453061855499982,
        0.002075255807721987,
        0.0018242294938318083,
        0.0019490269321977393,
        0.0017815067072660894,
        0.0018667834447114728,
        0.0020438217119590264,
        0.0017803868198825513,
        0.0019086003756456193,
        0.001370768738706829,
        0.002042191924556391,
        0.0019501165046676761
    ],
    "val_accuracy": [
        0.671875,
        0.7078125,
        0.7203125,
        0.7453125,
        0.721875,
        0.7296875,
        0.725,
        0.7234375,
        0.7390625,
        0.73125,
        0.7328125,
        0.7359375,
        0.7296875,
        0.728125,
        0.7390625,
        0.7328125,
        0.74375,
        0.7359375,
        0.7296875,
        0.728125,
        0.7296875,
        0.728125,
        0.7328125,
        0.734375,
        0.728125,
        0.725,
        0.7234375,
        0.7109375,
        0.7203125,
        0.728125,
        0.7125,
        0.715625,
        0.7140625,
        0.725,
        0.7109375,
        0.7109375,
        0.7296875,
        0.725,
        0.7171875,
        0.740625,
        0.7265625,
        0.740625,
        0.725,
        0.7296875,
        0.728125,
        0.725,
        0.73125,
        0.7375,
        0.73125,
        0.7015625,
        0.7171875,
        0.7046875,
        0.7140625,
        0.7171875,
        0.71875,
        0.7140625,
        0.721875,
        0.715625,
        0.7234375,
        0.7265625,
        0.7234375,
        0.71875,
        0.728125,
        0.73125,
        0.725,
        0.71875,
        0.73125,
        0.7328125,
        0.7125,
        0.715625,
        0.709375,
        0.7390625,
        0.7203125,
        0.728125,
        0.734375,
        0.721875,
        0.71875,
        0.725,
        0.7140625,
        0.7203125,
        0.734375,
        0.7359375,
        0.7296875,
        0.725,
        0.71875,
        0.7234375,
        0.728125,
        0.7234375,
        0.728125,
        0.71875,
        0.7109375,
        0.7296875,
        0.721875,
        0.7140625,
        0.7234375,
        0.7296875,
        0.7109375,
        0.7140625,
        0.71875,
        0.7203125
    ],