{
    "model_id": "9b12484f-f990-4194-92f1-1bb4bf2523ec",
    "train_accuracy": [
        0.57890625,
        0.668359375,
        0.703125,
        0.73046875,
        0.74375,
        0.762109375,
        0.781640625,
        0.78828125,
        0.7828125,
        0.799609375,
        0.80703125,
        0.81875,
        0.816796875,
        0.838671875,
        0.8390625,
        0.831640625,
        0.84921875,
        0.86328125,
        0.86328125,
        0.86328125,
        0.87734375,
        0.873046875,
        0.879296875,
        0.8890625,
        0.894921875,
        0.8984375,
        0.900390625,
        0.903125,
        0.901171875,
        0.915234375,
        0.91484375,
        0.90859375,
        0.915234375,
        0.92421875,
        0.925390625,
        0.925,
        0.932421875,
        0.93515625,
        0.930859375,
        0.9375,
        0.92734375,
        0.9359375,
        0.940625,
        0.93515625,
        0.93515625,
        0.940234375,
        0.94296875,
        0.9484375,
        0.948828125,
        0.941796875,
        0.953515625,
        0.95390625,
        0.951171875,
        0.951171875,
        0.9578125,
        0.95546875,
        0.962109375,
        0.9546875,
        0.965625,
        0.960546875,
        0.961328125,
        0.966015625,
        0.972265625,
        0.968359375,
        0.959765625,
        0.962890625,
        0.97578125,
        0.964453125,
        0.964453125,
        0.965234375,
        0.96640625,
        0.969921875,
        0.96484375,
        0.96796875,
        0.973046875,
        0.975,
        0.976953125,
        0.975390625,
        0.9703125,
        0.970703125,
        0.97421875,
        0.976953125,
        0.979296875,
        0.98046875,
        0.976171875,
        0.978125,
        0.978125,
        0.978125,
        0.976953125,
        0.975,
        0.97578125,
        0.983203125,
        0.978125,
        0.98671875,
        0.980078125,
        0.978515625,
        0.980859375,
        0.980078125,
        0.984375,
        0.982421875
    ],
    "train_loss": [
        0.007105280598625541,
        0.006243698170874268,
        0.005795437027700245,
        0.005466956901364029,
        0.005345972545910627,
        0.00490871932124719,
        0.004694172611925751,
        0.004690640594344586,
        0.004600917117204517,
        0.004389809665735811,
        0.0041823993436992165,
        0.004034972831141204,
        0.004052277584560215,
        0.0038060419959947468,
        0.0036279807332903146,
        0.0036311906995251777,
        0.003384490654570982,
        0.0032906993175856767,
        0.00329575493815355,
        0.0032599252299405634,
        0.002906880830414593,
        0.003079406707547605,
        0.002882716240128502,
        0.002659325732383877,
        0.0026375013578217475,
        0.0025101661041844634,
        0.002502181043382734,
        0.002483807288808748,
        0.0024269982473924755,
        0.002208966139005497,
        0.0022434047947172075,
        0.002220115711679682,
        0.002085970708867535,
        0.0019794428924797105,
        0.0018901466915849595,
        0.0019115680421236902,
        0.0017663713253568858,
        0.0016369717079214752,
        0.001660181672195904,
        0.0016153496922925114,
        0.001791485631838441,
        0.0016280209529213607,
        0.0015450347098521888,
        0.0015480184723855928,
        0.001582718186546117,
        0.0013946597435278818,
        0.0014806808321736753,
        0.0012942616071086378,
        0.001310625633050222,
        0.001405807537958026,
        0.001229938013420906,
        0.0012174810544820502,
        0.0013382732126046904,
        0.0012188493987196126,
        0.00111731352226343,
        0.0010993939387844876,
        0.0010685004977858624,
        0.001200511351635214,
        0.0010751782916486262,
        0.000963058001070749,
        0.0009465117953368462,
        0.0009994230829761363,
        0.0008043962516239844,
        0.0008774249319685623,
        0.0010504839898203499,
        0.0009403522177308332,
        0.0007177752115239855,
        0.0009399616115842946,
        0.000855578754999442,
        0.0009653359593357891,
        0.0009616556861146818,
        0.0008143884871969931,
        0.0009189473290462047,
        0.0008438700620899908,
        0.0007437233361997642,
        0.0006728505097271409,
        0.0007022835619864054,
        0.0006885305811010767,
        0.0008735593262827023,
        0.0008326743540237658,
        0.0007609988344484009,
        0.000650450297689531,
        0.00055733684785082,
        0.0005724956296035089,
        0.0006688024779577973,
        0.0005881956953089684,
        0.000600249082344817,
        0.0006395049153070431,
        0.0006540152360685169,
        0.0006242038332857191,
        0.0007800351613695966,
        0.0005248072775430046,
        0.0006716501811752096,
        0.0005477202015754301,
        0.0005437974803498946,
        0.0005805533211969305,
        0.0005555418701987946,
        0.000524402173323324,
        0.0005353079039196018,
        0.0004847540250921156
    ],
    "val_accuracy": [
        0.4828125,
        0.4890625,
        0.6671875,
        0.7046875,
        0.71875,
        0.734375,
        0.7328125,
        0.7265625,
        0.7359375,
        0.71875,
        0.7203125,
        0.73125,
        0.7296875,
        0.734375,
        0.725,
        0.7328125,
        0.7421875,
        0.7328125,
        0.7234375,
        0.73125,
        0.7359375,
        0.734375,
        0.7296875,
        0.7375,
        0.73125,
        0.7359375,
        0.734375,
        0.725,
        0.725,
        0.7265625,
        0.7421875,
        0.7265625,
        0.7359375,
        0.734375,
        0.7265625,
        0.721875,
        0.7296875,
        0.71875,
        0.7296875,
        0.715625,
        0.725,
        0.721875,
        0.728125,
        0.7265625,
        0.728125,
        0.728125,
        0.7265625,
        0.71875,
        0.7171875,
        0.7171875,
        0.71875,
        0.7109375,
        0.7125,
        0.7140625,
        0.7125,
        0.7171875,
        0.73125,
        0.7234375,
        0.7140625,
        0.715625,
        0.71875,
        0.7234375,
        0.7125,
        0.721875,
        0.715625,
        0.7234375,
        0.715625,
        0.7203125,
        0.70625,
        0.709375,
        0.728125,
        0.7125,
        0.7140625,
        0.715625,
        0.725,
        0.7203125,
        0.709375,
        0.7125,
        0.721875,
        0.7296875,
        0.7125,
        0.725,
        0.7203125,
        0.725,
        0.7234375,
        0.7203125,
        0.721875,
        0.71875,
        0.7203125,
        0.728125,
        0.7203125,
        0.721875,
        0.7171875,
        0.71875,
        0.725,
        0.71875,
        0.7171875,
        0.721875,
        0.725,
        0.71875
    ],