{
    "model_id": "da40269a-d34c-406d-a390-11706c844562",
    "train_accuracy": [
        0.56796875,
        0.68125,
        0.702734375,
        0.7390625,
        0.748828125,
        0.76640625,
        0.78046875,
        0.794921875,
        0.805078125,
        0.815625,
        0.822265625,
        0.830859375,
        0.823828125,
        0.843359375,
        0.84921875,
        0.852734375,
        0.85625,
        0.874609375,
        0.8703125,
        0.877734375,
        0.8828125,
        0.8859375,
        0.891015625,
        0.89765625,
        0.901171875,
        0.90234375,
        0.91015625,
        0.91171875,
        0.91484375,
        0.915625,
        0.930078125,
        0.927734375,
        0.9234375,
        0.9359375,
        0.934765625,
        0.937890625,
        0.93984375,
        0.940234375,
        0.93984375,
        0.9359375,
        0.94296875,
        0.9421875,
        0.9484375,
        0.94140625,
        0.936328125,
        0.946484375,
        0.953515625,
        0.9453125,
        0.95703125,
        0.940234375,
        0.9578125,
        0.963671875,
        0.966796875,
        0.962109375,
        0.95859375,
        0.961328125,
        0.962109375,
        0.96015625,
        0.964453125,
        0.958984375,
        0.964453125,
        0.9640625,
        0.966796875,
        0.969140625,
        0.965625,
        0.9640625,
        0.96953125,
        0.970703125,
        0.97578125,
        0.973046875,
        0.97734375,
        0.97734375,
        0.973046875,
        0.97890625,
        0.973046875,
        0.969140625,
        0.973046875,
        0.96796875,
        0.965625,
        0.97109375,
        0.96875,
        0.9734375,
        0.975390625,
        0.972265625,
        0.976953125,
        0.98203125,
        0.98125,
        0.979296875,
        0.980078125,
        0.971875,
        0.973828125,
        0.982421875,
        0.978515625,
        0.98203125,
        0.9796875,
        0.97734375,
        0.982421875,
        0.984375,
        0.97890625,
        0.980078125
    ],
    "train_loss": [
        0.008698823675513268,
        0.007541659218259156,
        0.00715183470165357,
        0.0067006886238232255,
        0.0064861485967412594,
        0.005992827971931547,
        0.005825652985367924,
        0.005509901128243655,
        0.0052453817566856745,
        0.0050835948903113605,
        0.004942869709338993,
        0.004781716351862997,
        0.0047054686234332625,
        0.004478436993667856,
        0.004389325238298625,
        0.004140266519971192,
        0.00406614457606338,
        0.0038574122067075224,
        0.0037281127995811405,
        0.0036192153405863793,
        0.0033756223157979546,
        0.003414159006206319,
        0.003368360659806058,
        0.00313926141243428,
        0.002984848798951134,
        0.0028798037208616735,
        0.0027986638015136123,
        0.0027658768696710466,
        0.0026063677825732155,
        0.0026213131553959102,
        0.0023311160184675828,
        0.002320318575948477,
        0.0023998577089514583,
        0.0020541921840049326,
        0.0020219355152221396,
        0.0020164630623185076,
        0.0019266056071501226,
        0.0019026656053029,
        0.002064004456042312,
        0.0018622588540893048,
        0.0017965875318623147,
        0.0016773450945038349,
        0.0016695169440936297,
        0.001913190733466763,
        0.0020833682036027314,
        0.0015652569476515056,
        0.0015746535122161732,
        0.0017228015305590816,
        0.0014442393206991256,
        0.001804859253752511,
        0.0014554771260009147,
        0.0012656128572416491,
        0.0011585258733248338,
        0.0013124754157615825,
        0.0013414468747214414,
        0.0013902401631639804,
        0.0012942905377713032,
        0.0012458470693673008,
        0.001226550855790265,
        0.001157136210531462,
        0.001179049551137723,
        0.0010900028442847542,
        0.0011428448822698555,
        0.001018393695994746,
        0.0010862857969186734,
        0.0011039866134524346,
        0.001057563470385503,
        0.0010491440472833347,
        0.0008821076182357502,
        0.0009650178995798342,
        0.0008492748602293432,
        0.0008461288751277607,
        0.0009300528057792689,
        0.0007674694374145474,
        0.000934450664499309,
        0.000975875469885068,
        0.0008933894408983178,
        0.0010311670273949857,
        0.0011226881943002809,
        0.0009614368616894353,
        0.0010566531447693706,
        0.0008969842067017453,
        0.000857669841934694,
        0.0009450653022213373,
        0.0007900230120867491,
        0.0006638852348260116,
        0.000768657368098502,
        0.000725136065739207,
        0.0007399259018711745,
        0.00088185283675557,
        0.0008099556005618069,
        0.0006174539757921593,
        0.0007394899626888219,
        0.0007286695876246085,
        0.0006072667780244956,
        0.0007624205329193501,
        0.0006614724863538868,
        0.0005624600518785883,
        0.0007480737182049779,
        0.0007272593014931772
    ],
    "val_accuracy": [
        0.5546875,
        0.6859375,
        0.7234375,
        0.7296875,
        0.73125,
        0.7421875,
        0.7375,
        0.7390625,
        0.73125,
        0.734375,
        0.71875,
        0.746875,
        0.7359375,
        0.7359375,
        0.73125,
        0.7359375,
        0.734375,
        0.734375,
        0.7390625,
        0.721875,
        0.7359375,
        0.7421875,
        0.7265625,
        0.7234375,
        0.746875,
        0.746875,
        0.7375,
        0.746875,
        0.75,
        0.7390625,
        0.74375,
        0.7265625,
        0.740625,
        0.728125,
        0.715625,
        0.7484375,
        0.7265625,
        0.7359375,
        0.7359375,
        0.7453125,
        0.7265625,
        0.7328125,
        0.746875,
        0.74375,
        0.7265625,
        0.7171875,
        0.7359375,
        0.7390625,
        0.728125,
        0.7265625,
        0.73125,
        0.7359375,
        0.746875,
        0.7296875,
        0.73125,
        0.7359375,
        0.7484375,
        0.746875,
        0.73125,
        0.7390625,
        0.73125,
        0.721875,
        0.734375,
        0.7421875,
        0.734375,
        0.7375,
        0.734375,
        0.7375,
        0.73125,
        0.7421875,
        0.73125,
        0.7421875,
        0.725,
        0.7265625,
        0.746875,
        0.7265625,
        0.7328125,
        0.721875,
        0.7296875,
        0.7359375,
        0.734375,
        0.7375,
        0.7359375,
        0.73125,
        0.7328125,
        0.734375,
        0.734375,
        0.725,
        0.728125,
        0.7296875,
        0.73125,
        0.728125,
        0.7328125,
        0.7390625,
        0.7328125,
        0.725,
        0.725,
        0.7296875,
        0.73125,
        0.7359375
    ],