{
    "model_id": "d4c9d1fd-91ff-4ea8-8057-48121b0a60d2",
    "train_accuracy": [
        0.570703125,
        0.664453125,
        0.709765625,
        0.7171875,
        0.74921875,
        0.76484375,
        0.78046875,
        0.78515625,
        0.8,
        0.805078125,
        0.809375,
        0.821484375,
        0.824609375,
        0.8296875,
        0.841796875,
        0.8484375,
        0.854296875,
        0.858984375,
        0.878125,
        0.858203125,
        0.868359375,
        0.869921875,
        0.888671875,
        0.890234375,
        0.89375,
        0.89453125,
        0.890625,
        0.898046875,
        0.907421875,
        0.90546875,
        0.915625,
        0.910546875,
        0.918359375,
        0.9203125,
        0.924609375,
        0.919921875,
        0.9265625,
        0.933203125,
        0.9328125,
        0.93671875,
        0.940625,
        0.944140625,
        0.9421875,
        0.933984375,
        0.94375,
        0.943359375,
        0.941796875,
        0.953515625,
        0.946484375,
        0.9640625,
        0.95,
        0.94921875,
        0.95625,
        0.95390625,
        0.961328125,
        0.95546875,
        0.958203125,
        0.962890625,
        0.96171875,
        0.959765625,
        0.9640625,
        0.958203125,
        0.962890625,
        0.959375,
        0.976171875,
        0.96875,
        0.964453125,
        0.969140625,
        0.972265625,
        0.96796875,
        0.9734375,
        0.975,
        0.975390625,
        0.97265625,
        0.96796875,
        0.973046875,
        0.965234375,
        0.965234375,
        0.97578125,
        0.971484375,
        0.978515625,
        0.975,
        0.979296875,
        0.9765625,
        0.975390625,
        0.976953125,
        0.975,
        0.9765625,
        0.976171875,
        0.975390625,
        0.97890625,
        0.9796875,
        0.980859375,
        0.9796875,
        0.98125,
        0.979296875,
        0.983984375,
        0.98046875,
        0.978125,
        0.9796875
    ],
    "train_loss": [
        0.007014317088760436,
        0.0061758862575516105,
        0.005659188027493656,
        0.005487161339260638,
        0.00519770048558712,
        0.005004095949698239,
        0.0047563461819663646,
        0.004602469189558178,
        0.004478294821456075,
        0.0042689741239883006,
        0.004110398981720209,
        0.003990051138680428,
        0.003963655431289226,
        0.0038269864744506776,
        0.0035431499942205845,
        0.0035758693236857654,
        0.0034225293435156345,
        0.003263244219124317,
        0.0029656732571311296,
        0.003139550902415067,
        0.0031188129971269516,
        0.0029563619755208492,
        0.002745293383486569,
        0.0026562152430415153,
        0.002535670110955834,
        0.0025845830386970192,
        0.0025032241828739643,
        0.0024214800971094517,
        0.0022352820029482245,
        0.0022424476686865092,
        0.002126997782033868,
        0.0021787140751257537,
        0.0019966612569987776,
        0.0019303247041534632,
        0.0019919653073884546,
        0.0019855109509080648,
        0.001928125461563468,
        0.0017293093784246593,
        0.001634799741441384,
        0.0015788770513609051,
        0.001482751651201397,
        0.0015097868512384594,
        0.00139841710915789,
        0.0016137219819938764,
        0.001482125904294662,
        0.0015045934618683533,
        0.001312852109549567,
        0.0013429248458123766,
        0.0013893385941628367,
        0.0011206295370357112,
        0.0012605723852175288,
        0.0012677160353632643,
        0.0011303883482469245,
        0.0011122492360300384,
        0.0011208125797566026,
        0.0010448839122545906,
        0.0011222682689549402,
        0.0009865365384030156,
        0.0009910139851854183,
        0.0009893067355733365,
        0.0010072243647300638,
        0.0011558188154594973,
        0.0009454599683522246,
        0.0010152966817258858,
        0.0007782377273542806,
        0.0009053432411747053,
        0.0009307716100011021,
        0.0009202050510793925,
        0.0007839678568416275,
        0.0008540941940736957,
        0.0007607776256918442,
        0.0007388035388430581,
        0.000752279264270328,
        0.0007962503892485984,
        0.0009274466341594234,
        0.0007171295663283672,
        0.0008949486727942713,
        0.0009370403480716049,
        0.0006550223319209181,
        0.0008099565515294671,
        0.0005541821905353572,
        0.0006900225067511201,
        0.0005581600678851828,
        0.0006177251227200032,
        0.0006617738174099941,
        0.000691198457570863,
        0.0006662315092398785,
        0.0006123117127572186,
        0.0006498305228888057,
        0.0006950428411073517,
        0.0005718665586755378,
        0.0006110281337896595,
        0.0005377318415412446,
        0.0005356491492420901,
        0.00048036672196758443,
        0.0005630308543913998,
        0.0005109844303660793,
        0.0005217528956563911,
        0.000649390173566644,
        0.0005734228590881685
    ],
    "val_accuracy": [
        0.553125,
        0.6453125,
        0.728125,
        0.734375,
        0.734375,
        0.7328125,
        0.7234375,
        0.746875,
        0.74375,
        0.7328125,
        0.7359375,
        0.73125,
        0.734375,
        0.7265625,
        0.7328125,
        0.734375,
        0.7265625,
        0.7359375,
        0.7234375,
        0.709375,
        0.7234375,
        0.721875,
        0.70625,
        0.7203125,
        0.7203125,
        0.725,
        0.7140625,
        0.725,
        0.73125,
        0.725,
        0.725,
        0.721875,
        0.728125,
        0.7265625,
        0.721875,
        0.71875,
        0.725,
        0.721875,
        0.715625,
        0.715625,
        0.7203125,
        0.7296875,
        0.71875,
        0.734375,
        0.7328125,
        0.7265625,
        0.7171875,
        0.7265625,
        0.725,
        0.7140625,
        0.7234375,
        0.7109375,
        0.7265625,
        0.7265625,
        0.7328125,
        0.7296875,
        0.7265625,
        0.7265625,
        0.7359375,
        0.71875,
        0.73125,
        0.7421875,
        0.7421875,
        0.7375,
        0.7328125,
        0.73125,
        0.7265625,
        0.7359375,
        0.734375,
        0.7375,
        0.7328125,
        0.7234375,
        0.73125,
        0.734375,
        0.7171875,
        0.7171875,
        0.7296875,
        0.7265625,
        0.71875,
        0.7375,
        0.7375,
        0.728125,
        0.73125,
        0.7265625,
        0.7265625,
        0.73125,
        0.7265625,
        0.7140625,
        0.7171875,
        0.71875,
        0.7234375,
        0.7265625,
        0.7265625,
        0.7171875,
        0.725,
        0.7265625,
        0.734375,
        0.7265625,
        0.7296875,
        0.7265625
    ],