{
    "model_id": "4a82689e-4f27-4399-a4f4-4570b826bf41",
    "train_accuracy": [
        0.5078125,
        0.549609375,
        0.591796875,
        0.621875,
        0.638671875,
        0.66484375,
        0.664453125,
        0.682421875,
        0.701953125,
        0.696484375,
        0.719921875,
        0.71640625,
        0.730078125,
        0.716015625,
        0.74921875,
        0.735546875,
        0.7453125,
        0.759375,
        0.75078125,
        0.75,
        0.75703125,
        0.768359375,
        0.771875,
        0.769140625,
        0.76796875,
        0.775,
        0.7765625,
        0.779296875,
        0.785546875,
        0.790625,
        0.80078125,
        0.790625,
        0.80234375,
        0.802734375,
        0.796484375,
        0.809765625,
        0.79921875,
        0.806640625,
        0.811328125,
        0.816796875,
        0.81171875,
        0.81875,
        0.82109375,
        0.8203125,
        0.826953125,
        0.825390625,
        0.822265625,
        0.820703125,
        0.834375,
        0.83828125,
        0.833984375,
        0.82578125,
        0.846875,
        0.83515625,
        0.8328125,
        0.83671875,
        0.83515625,
        0.848828125,
        0.851171875,
        0.8515625,
        0.857421875,
        0.859375,
        0.858203125,
        0.855078125,
        0.85078125,
        0.862890625,
        0.8765625,
        0.8625,
        0.870703125,
        0.860546875,
        0.860546875,
        0.8578125,
        0.8609375,
        0.87578125,
        0.86796875,
        0.877734375,
        0.878125,
        0.883203125,
        0.8796875,
        0.88359375,
        0.87734375,
        0.87734375,
        0.87890625,
        0.88359375,
        0.893359375,
        0.891796875,
        0.884375,
        0.894140625,
        0.889453125,
        0.88671875,
        0.88828125,
        0.894140625,
        0.901953125,
        0.89375,
        0.89453125,
        0.8890625,
        0.897265625,
        0.901953125,
        0.890625,
        0.918359375
    ],
    "train_loss": [
        0.007595145795494318,
        0.007147864555008709,
        0.006862580659799278,
        0.006623724824748933,
        0.006373759312555194,
        0.006202661176212132,
        0.006149270641617477,
        0.00599987218156457,
        0.005848894198425114,
        0.005751478031743318,
        0.005691396002657711,
        0.005571264098398388,
        0.005558465432841331,
        0.005590153683442622,
        0.005289324396289885,
        0.005354970751795918,
        0.005199261452071368,
        0.005187508882954717,
        0.00511862076818943,
        0.005126540781930089,
        0.00492127378238365,
        0.004932551004458219,
        0.004854931426234543,
        0.0049358915071934465,
        0.004873957065865397,
        0.004779205797240138,
        0.004735686560161411,
        0.0046401351923123,
        0.0046287329168990254,
        0.00456425225129351,
        0.004443286533933133,
        0.004512942291330546,
        0.004354500118643046,
        0.0042669169371947644,
        0.004377441364340484,
        0.0041706008603796365,
        0.004354779014829546,
        0.004162376071326435,
        0.004145247337874025,
        0.004038425826001913,
        0.0041973079089075325,
        0.0040121519472450014,
        0.003948848880827427,
        0.003993181535042823,
        0.0039018848910927773,
        0.003917557990644127,
        0.0038224880932830273,
        0.003903608035761863,
        0.0038432544679380953,
        0.003679256502073258,
        0.0037263222387991846,
        0.0038518973160535097,
        0.0036031860276125372,
        0.003713591757696122,
        0.0036261417786590754,
        0.0035943605296779426,
        0.0036082989536225796,
        0.0035348658566363156,
        0.003391520940931514,
        0.0033518599229864776,
        0.0033533528447151186,
        0.0032640950114000587,
        0.0033259334857575597,
        0.003271556773688644,
        0.003334743250161409,
        0.003273237653775141,
        0.003152352245524526,
        0.0031893882027361543,
        0.0031148009875323623,
        0.0031905408191960304,
        0.003150941716739908,
        0.003211217385251075,
        0.0030996662797406318,
        0.0029925105860456823,
        0.0030099390365649014,
        0.0029362124274484812,
        0.0029834263608790935,
        0.0028200187953189015,
        0.002958411141298711,
        0.002749305806355551,
        0.0028215018217451872,
        0.002797632006695494,
        0.0028574312455020845,
        0.0027591465157456698,
        0.002579826896544546,
        0.0026353636698331685,
        0.0027393889671657235,
        0.0025851182523183524,
        0.0026219791499897836,
        0.002650484733749181,
        0.002573294815374538,
        0.0025650500901974738,
        0.00249881079653278,
        0.0024968920974060894,
        0.002511788177071139,
        0.0025834384257905187,
        0.0024982489412650466,
        0.0023960965627338737,
        0.002501750679221004,
        0.002133064717054367
    ],
    "val_accuracy": [
        0.553125,
        0.6359375,
        0.6484375,
        0.66875,
        0.68125,
        0.6859375,
        0.6921875,
        0.69375,
        0.703125,
        0.6984375,
        0.70625,
        0.709375,
        0.7140625,
        0.7203125,
        0.715625,
        0.71875,
        0.7203125,
        0.7171875,
        0.725,
        0.728125,
        0.7328125,
        0.7296875,
        0.73125,
        0.73125,
        0.7328125,
        0.7390625,
        0.7328125,
        0.7375,
        0.7359375,
        0.7359375,
        0.740625,
        0.7421875,
        0.7421875,
        0.7453125,
        0.7484375,
        0.74375,
        0.7453125,
        0.74375,
        0.7453125,
        0.746875,
        0.74375,
        0.746875,
        0.75,
        0.746875,
        0.7421875,
        0.746875,
        0.7484375,
        0.7453125,
        0.75,
        0.746875,
        0.7515625,
        0.746875,
        0.74375,
        0.7515625,
        0.746875,
        0.74375,
        0.7375,
        0.7453125,
        0.74375,
        0.7453125,
        0.7421875,
        0.7421875,
        0.7453125,
        0.740625,
        0.746875,
        0.7421875,
        0.7421875,
        0.74375,
        0.7421875,
        0.7453125,
        0.7421875,
        0.7375,
        0.7359375,
        0.7421875,
        0.7390625,
        0.7390625,
        0.74375,
        0.7375,
        0.7359375,
        0.7328125,
        0.7359375,
        0.7421875,
        0.7359375,
        0.73125,
        0.7296875,
        0.7375,
        0.740625,
        0.7390625,
        0.7375,
        0.7375,
        0.7359375,
        0.734375,
        0.7375,
        0.740625,
        0.7390625,
        0.7359375,
        0.7453125,
        0.7390625,
        0.7328125,
        0.7359375
    ],