{
    "model_id": "735a772b-2380-46c5-b799-bf8175fd8a4f",
    "train_accuracy": [
        0.564453125,
        0.660546875,
        0.68984375,
        0.721875,
        0.744140625,
        0.7515625,
        0.77734375,
        0.7890625,
        0.79765625,
        0.798828125,
        0.806640625,
        0.81875,
        0.834765625,
        0.83515625,
        0.8359375,
        0.840625,
        0.84765625,
        0.865625,
        0.85546875,
        0.867578125,
        0.855078125,
        0.883203125,
        0.88203125,
        0.8859375,
        0.89921875,
        0.908203125,
        0.89609375,
        0.890234375,
        0.913671875,
        0.91328125,
        0.91328125,
        0.914453125,
        0.91953125,
        0.92734375,
        0.927734375,
        0.91953125,
        0.92734375,
        0.927734375,
        0.923828125,
        0.926171875,
        0.944140625,
        0.946484375,
        0.941015625,
        0.947265625,
        0.946875,
        0.9359375,
        0.943359375,
        0.952734375,
        0.944140625,
        0.955078125,
        0.946484375,
        0.95234375,
        0.965234375,
        0.958984375,
        0.94921875,
        0.962109375,
        0.9625,
        0.960546875,
        0.96484375,
        0.963671875,
        0.962890625,
        0.965234375,
        0.96953125,
        0.966015625,
        0.955859375,
        0.9609375,
        0.9671875,
        0.967578125,
        0.97421875,
        0.975,
        0.9703125,
        0.972265625,
        0.976953125,
        0.97421875,
        0.973828125,
        0.966015625,
        0.973046875,
        0.9703125,
        0.973828125,
        0.981640625,
        0.966796875,
        0.969921875,
        0.977734375,
        0.976953125,
        0.9734375,
        0.97734375,
        0.976953125,
        0.968359375,
        0.976171875,
        0.978125,
        0.978515625,
        0.979296875,
        0.98125,
        0.976171875,
        0.977734375,
        0.977734375,
        0.981640625,
        0.983203125,
        0.98203125,
        0.98203125
    ],
    "train_loss": [
        0.007247243099845946,
        0.006268140929751098,
        0.005901335121598095,
        0.005518334184307605,
        0.005168020154815167,
        0.005098267237190157,
        0.004864595585968345,
        0.004631499946117401,
        0.004422352008987218,
        0.00432616900652647,
        0.004245124140288681,
        0.004095060145482421,
        0.0038213397201616317,
        0.0037353528663516045,
        0.00360521140974015,
        0.0036320465034805237,
        0.0034995346795767546,
        0.003183081140741706,
        0.003305054287193343,
        0.0031185733678285033,
        0.0031557577021885663,
        0.00284186311182566,
        0.002850446425145492,
        0.002710573677904904,
        0.0025168548279907556,
        0.0024410857819020747,
        0.002466038306010887,
        0.0025370555114932357,
        0.002261720260139555,
        0.0021043994871433823,
        0.002166263313847594,
        0.0020923575561027975,
        0.0021439783537061884,
        0.0019331754592712969,
        0.0019847077695885674,
        0.0019635536533314734,
        0.0018234919290989638,
        0.0017850242933491246,
        0.0017173090018332005,
        0.0017472317063948139,
        0.001507997752923984,
        0.0014702329062856734,
        0.0015512525074882432,
        0.0015273377939593047,
        0.0014077841507969425,
        0.0015349555585999041,
        0.0013751826452789828,
        0.0013794527825666592,
        0.0014292474137619139,
        0.0012957532569998875,
        0.001433095101674553,
        0.0012275112487259321,
        0.0010804808407556266,
        0.0011627337051322683,
        0.0011572140123462305,
        0.001046507437422406,
        0.0010853521904209628,
        0.0010870497368159703,
        0.0009990032194764353,
        0.0010135072239791042,
        0.0009491357297520154,
        0.000976399208593648,
        0.0009408187521330547,
        0.0008950247836764901,
        0.001130210435076151,
        0.0009488961608440149,
        0.0009535629113088361,
        0.0009013646573293954,
        0.0007683918091061059,
        0.0007146146897866856,
        0.0007928082181024365,
        0.000744549922819715,
        0.0006619512372708414,
        0.0006935100420378149,
        0.0007422037648211699,
        0.0008176989060302731,
        0.0007071969885146245,
        0.0007491299576940947,
        0.000671188654814614,
        0.0006402550592611078,
        0.0009252952833776363,
        0.0007483558903913945,
        0.0006530012709845323,
        0.0006654199722106568,
        0.0005795678931463044,
        0.0006186174192407634,
        0.0007246413057146128,
        0.0008199401665478945,
        0.0007204555397038348,
        0.0006570269622898195,
        0.0006766656209947541,
        0.0005866031358891632,
        0.0005382545579777798,
        0.0006213110449607484,
        0.0005472622076922562,
        0.0005630864296108484,
        0.0005000172892323463,
        0.0005150468994543189,
        0.00046535135043086485,
        0.0004855668354139198
    ],
    "val_accuracy": [
        0.490625,
        0.64375,
        0.703125,
        0.7109375,
        0.71875,
        0.7296875,
        0.7203125,
        0.7125,
        0.7203125,
        0.709375,
        0.71875,
        0.71875,
        0.7171875,
        0.7171875,
        0.7171875,
        0.71875,
        0.71875,
        0.7171875,
        0.725,
        0.7296875,
        0.73125,
        0.7203125,
        0.7203125,
        0.71875,
        0.7328125,
        0.7234375,
        0.7171875,
        0.7109375,
        0.7171875,
        0.715625,
        0.7171875,
        0.7203125,
        0.7171875,
        0.7265625,
        0.7125,
        0.7109375,
        0.728125,
        0.7140625,
        0.71875,
        0.7125,
        0.709375,
        0.7125,
        0.7296875,
        0.7125,
        0.7203125,
        0.7125,
        0.7171875,
        0.7203125,
        0.7140625,
        0.721875,
        0.7234375,
        0.7375,
        0.7265625,
        0.728125,
        0.7265625,
        0.7171875,
        0.7203125,
        0.725,
        0.7296875,
        0.71875,
        0.7140625,
        0.7296875,
        0.7234375,
        0.71875,
        0.721875,
        0.73125,
        0.71875,
        0.7125,
        0.7359375,
        0.7375,
        0.728125,
        0.734375,
        0.7265625,
        0.740625,
        0.7296875,
        0.734375,
        0.7375,
        0.7484375,
        0.734375,
        0.73125,
        0.7375,
        0.7359375,
        0.7328125,
        0.7328125,
        0.725,
        0.725,
        0.71875,
        0.71875,
        0.725,
        0.7140625,
        0.7203125,
        0.7140625,
        0.71875,
        0.7234375,
        0.7265625,
        0.73125,
        0.7265625,
        0.721875,
        0.725,
        0.7265625
    ],