{
    "model_id": "9300235b-eb71-4dac-a6f7-974a899f19e1",
    "train_accuracy": [
        0.5625,
        0.644140625,
        0.6859375,
        0.705078125,
        0.7484375,
        0.75234375,
        0.7625,
        0.76328125,
        0.78359375,
        0.788671875,
        0.805859375,
        0.81171875,
        0.814453125,
        0.82265625,
        0.830859375,
        0.830859375,
        0.84765625,
        0.84921875,
        0.85234375,
        0.85625,
        0.853515625,
        0.86875,
        0.866796875,
        0.879296875,
        0.8734375,
        0.887109375,
        0.887890625,
        0.89375,
        0.9015625,
        0.898046875,
        0.903515625,
        0.910546875,
        0.907421875,
        0.9109375,
        0.91328125,
        0.92109375,
        0.92578125,
        0.9140625,
        0.91875,
        0.92109375,
        0.935546875,
        0.931640625,
        0.933984375,
        0.934375,
        0.937109375,
        0.93515625,
        0.93984375,
        0.943359375,
        0.945703125,
        0.949609375,
        0.953125,
        0.948828125,
        0.95703125,
        0.958984375,
        0.95234375,
        0.95625,
        0.95859375,
        0.962890625,
        0.958203125,
        0.96328125,
        0.965625,
        0.963671875,
        0.950390625,
        0.958203125,
        0.959765625,
        0.96484375,
        0.965234375,
        0.966796875,
        0.966796875,
        0.965625,
        0.969140625,
        0.9734375,
        0.9703125,
        0.97421875,
        0.965234375,
        0.9671875,
        0.973828125,
        0.96953125,
        0.976171875,
        0.975,
        0.97265625,
        0.976171875,
        0.972265625,
        0.97578125,
        0.978125,
        0.97734375,
        0.976171875,
        0.980078125,
        0.979296875,
        0.978515625,
        0.974609375,
        0.976171875,
        0.977734375,
        0.98125,
        0.9796875,
        0.979296875,
        0.98203125,
        0.979296875,
        0.976953125,
        0.982421875
    ],
    "train_loss": [
        0.004465127061121166,
        0.003965186956338585,
        0.0036877349251881243,
        0.003528880514204502,
        0.0032822601380757986,
        0.0032074785325676204,
        0.003080213360954076,
        0.0030040968442335723,
        0.002839445578865707,
        0.002817638881970197,
        0.0027122433297336102,
        0.002552418864797801,
        0.002529299561865628,
        0.002461661025881767,
        0.0023507439997047185,
        0.002325626532547176,
        0.00215492257848382,
        0.0021139704738743605,
        0.0020780781051144004,
        0.0020562267047353087,
        0.0020752921351231634,
        0.0019021131272893399,
        0.0018947902834042906,
        0.0018315729917958378,
        0.0018107797775883227,
        0.0017021248466335237,
        0.001615980948554352,
        0.0016321746166795491,
        0.0015778851986397058,
        0.0015181618800852448,
        0.001426565705332905,
        0.0014194815594237298,
        0.0013556185993365943,
        0.0013755179010331632,
        0.0013182224007323383,
        0.0012032629922032357,
        0.0011395240609999747,
        0.0012819956056773663,
        0.0012132610194385053,
        0.0011553018586710096,
        0.0010499660158529878,
        0.001050104422029108,
        0.0010644108289852739,
        0.001056438300292939,
        0.001035730476723984,
        0.0009974507440347225,
        0.0009473965386860072,
        0.0009384716191561893,
        0.0009176588268019259,
        0.0007915014051832258,
        0.0007344224228290841,
        0.0007744122704025358,
        0.0007399085123324766,
        0.0007049132691463456,
        0.0008536567998817191,
        0.0007336454713367857,
        0.0007044882615446113,
        0.000654829284758307,
        0.0006947229412617162,
        0.0005628302940749563,
        0.0005889920619665645,
        0.0005663680640282109,
        0.0007615490656462498,
        0.000665915317949839,
        0.0006801866024034098,
        0.000583892606664449,
        0.0006472794178989716,
        0.0005880681404960342,
        0.0005505470078787766,
        0.0005990130492136813,
        0.0005252593051409349,
        0.0004945336826494895,
        0.0005067717473139055,
        0.0004737923969514668,
        0.0005353254717192612,
        0.0005549105524551123,
        0.0004734195536002517,
        0.00048611786914989354,
        0.0004679914563894272,
        0.0004254010913427919,
        0.00044399095932021735,
        0.00043912531618843785,
        0.0004886184848146513,
        0.00042624231427907945,
        0.0003671925063827075,
        0.00039488412294304,
        0.0004282762107322924,
        0.00038040552390157246,
        0.000363426651165355,
        0.0004026174792670645,
        0.00041924675679183565,
        0.00040536158630857246,
        0.000374431206000736,
        0.00035698628998943606,
        0.0003467310314590577,
        0.00032871370858629235,
        0.00038934346557653046,
        0.0003636848086898681,
        0.00039510279166279363,
        0.00030930581633583645
    ],
    "val_accuracy": [
        0.4828125,
        0.4875,
        0.59375,
        0.696875,
        0.721875,
        0.73125,
        0.7265625,
        0.734375,
        0.7328125,
        0.7375,
        0.7359375,
        0.7359375,
        0.7328125,
        0.7421875,
        0.7359375,
        0.7359375,
        0.7359375,
        0.728125,
        0.7296875,
        0.728125,
        0.7328125,
        0.7265625,
        0.7171875,
        0.725,
        0.721875,
        0.7140625,
        0.71875,
        0.7140625,
        0.709375,
        0.7125,
        0.7171875,
        0.7203125,
        0.7203125,
        0.71875,
        0.7140625,
        0.715625,
        0.7140625,
        0.7203125,
        0.7140625,
        0.7265625,
        0.721875,
        0.7109375,
        0.7125,
        0.7203125,
        0.740625,
        0.7203125,
        0.7234375,
        0.7203125,
        0.7234375,
        0.7234375,
        0.7203125,
        0.715625,
        0.71875,
        0.7296875,
        0.7171875,
        0.7015625,
        0.7234375,
        0.7328125,
        0.721875,
        0.7234375,
        0.73125,
        0.73125,
        0.71875,
        0.7203125,
        0.7234375,
        0.725,
        0.725,
        0.7359375,
        0.734375,
        0.7265625,
        0.7296875,
        0.73125,
        0.728125,
        0.73125,
        0.7421875,
        0.709375,
        0.7296875,
        0.734375,
        0.734375,
        0.73125,
        0.740625,
        0.740625,
        0.7359375,
        0.7296875,
        0.7234375,
        0.7328125,
        0.7390625,
        0.7203125,
        0.7171875,
        0.725,
        0.740625,
        0.7296875,
        0.7203125,
        0.725,
        0.721875,
        0.7203125,
        0.7203125,
        0.721875,
        0.728125,
        0.7171875
    ],