{
    "model_id": "fe784f5b-98c6-4dc5-bcb8-db77b1b1c970",
    "train_accuracy": [
        0.576953125,
        0.658984375,
        0.7125,
        0.730859375,
        0.7421875,
        0.75546875,
        0.76796875,
        0.772265625,
        0.79296875,
        0.79375,
        0.80625,
        0.80390625,
        0.814453125,
        0.82890625,
        0.83828125,
        0.83359375,
        0.84453125,
        0.85,
        0.849609375,
        0.8609375,
        0.85703125,
        0.8671875,
        0.862890625,
        0.87734375,
        0.87421875,
        0.88046875,
        0.8875,
        0.894140625,
        0.889453125,
        0.903125,
        0.904296875,
        0.90859375,
        0.908984375,
        0.90859375,
        0.9171875,
        0.919140625,
        0.92578125,
        0.92890625,
        0.929296875,
        0.928515625,
        0.933203125,
        0.93828125,
        0.933984375,
        0.942578125,
        0.93359375,
        0.93671875,
        0.93125,
        0.93828125,
        0.946875,
        0.946484375,
        0.946484375,
        0.95,
        0.947265625,
        0.94765625,
        0.947265625,
        0.953125,
        0.956640625,
        0.95390625,
        0.962109375,
        0.962109375,
        0.95859375,
        0.95703125,
        0.961328125,
        0.95703125,
        0.96171875,
        0.963671875,
        0.964453125,
        0.971875,
        0.972265625,
        0.959765625,
        0.96171875,
        0.9609375,
        0.96640625,
        0.966796875,
        0.972265625,
        0.968359375,
        0.975,
        0.975,
        0.978125,
        0.97578125,
        0.973046875,
        0.965625,
        0.973828125,
        0.973046875,
        0.970703125,
        0.973828125,
        0.978125,
        0.97734375,
        0.97578125,
        0.9828125,
        0.975,
        0.972265625,
        0.976953125,
        0.97734375,
        0.97578125,
        0.978125,
        0.97734375,
        0.9765625,
        0.976953125,
        0.9765625
    ],
    "train_loss": [
        0.005113071459345519,
        0.004541269852779806,
        0.004152402270119637,
        0.0040354073629714545,
        0.003860223200172186,
        0.003682032914366573,
        0.003578181762713939,
        0.003466219629626721,
        0.003244890354108065,
        0.0032539906213060023,
        0.0031113461358472706,
        0.003024814382661134,
        0.002985113044269383,
        0.002861779904924333,
        0.0027654005796648564,
        0.0027009207871742545,
        0.0026090716710314155,
        0.002459993027150631,
        0.002477101923432201,
        0.00243903836235404,
        0.0023869598982855676,
        0.002294361253734678,
        0.002253470686264336,
        0.002107529080240056,
        0.0021374799136538057,
        0.0019799717352725565,
        0.0019971498346421867,
        0.0019246260111685843,
        0.0018033581087365746,
        0.0017534256970975549,
        0.0017010584007948637,
        0.0017346274224109947,
        0.0015944014478009195,
        0.0016559972718823701,
        0.0014742372091859578,
        0.0015145766723435373,
        0.0013334891991689801,
        0.00138457854045555,
        0.0013058760931016877,
        0.0013339678291231394,
        0.0012755038915202022,
        0.0011873556097270921,
        0.0013075534661766142,
        0.001074995571980253,
        0.0011909967113751918,
        0.0012279769784072415,
        0.001199448003899306,
        0.00120486140367575,
        0.0010359601117670536,
        0.0010335186263546348,
        0.0009710904298117385,
        0.0009151086080237292,
        0.0009591699083102867,
        0.001016105941380374,
        0.0009994366555474699,
        0.0008950229414040223,
        0.0009562926134094596,
        0.0008582028123782948,
        0.0007910899119451642,
        0.000839229443226941,
        0.0007991438178578392,
        0.00080600994406268,
        0.0007292968322872185,
        0.00085039998521097,
        0.0007712489954428747,
        0.0007075753848766908,
        0.0007806131776305847,
        0.0006169608834170504,
        0.0005943132673564833,
        0.0008749991218792274,
        0.0008040582702960819,
        0.0006749669802957215,
        0.000661098440468777,
        0.000694061239482835,
        0.0006632929682382383,
        0.0006338291888823733,
        0.0005252771130471956,
        0.0004835942523641279,
        0.0005432512451079674,
        0.000598297703982098,
        0.0005564274557400495,
        0.0006155380629934371,
        0.0005382973089581355,
        0.0005447662762890105,
        0.0005713436999940314,
        0.000491978916397784,
        0.00043894857808481904,
        0.0005001471115974709,
        0.0005221488725510425,
        0.0004151266344706528,
        0.0005926787882344798,
        0.0005539400415727868,
        0.0004835530431591906,
        0.0004686100917751901,
        0.0005035270172811579,
        0.0004768318591231946,
        0.000522643427393632,
        0.0005752272329118569,
        0.0004348595546616707,
        0.0004552262689685449
    ],
    "val_accuracy": [
        0.484375,
        0.503125,
        0.6796875,
        0.7171875,
        0.734375,
        0.7265625,
        0.7390625,
        0.7375,
        0.73125,
        0.7328125,
        0.7375,
        0.7328125,
        0.7328125,
        0.7375,
        0.728125,
        0.725,
        0.7375,
        0.7328125,
        0.721875,
        0.7265625,
        0.7296875,
        0.7296875,
        0.7375,
        0.7390625,
        0.7234375,
        0.7375,
        0.7328125,
        0.7296875,
        0.7234375,
        0.725,
        0.7203125,
        0.728125,
        0.7296875,
        0.7234375,
        0.725,
        0.7234375,
        0.7234375,
        0.7203125,
        0.7265625,
        0.73125,
        0.71875,
        0.725,
        0.734375,
        0.721875,
        0.725,
        0.7359375,
        0.73125,
        0.721875,
        0.7234375,
        0.7171875,
        0.7203125,
        0.7265625,
        0.7234375,
        0.728125,
        0.7171875,
        0.7265625,
        0.7125,
        0.734375,
        0.7265625,
        0.73125,
        0.725,
        0.7328125,
        0.728125,
        0.725,
        0.71875,
        0.7234375,
        0.721875,
        0.7390625,
        0.7328125,
        0.7328125,
        0.7296875,
        0.7203125,
        0.7125,
        0.7296875,
        0.7359375,
        0.7296875,
        0.7265625,
        0.7234375,
        0.7203125,
        0.7328125,
        0.7328125,
        0.734375,
        0.7203125,
        0.728125,
        0.7265625,
        0.725,
        0.73125,
        0.725,
        0.7234375,
        0.721875,
        0.725,
        0.71875,
        0.7203125,
        0.7296875,
        0.73125,
        0.721875,
        0.728125,
        0.734375,
        0.7328125,
        0.7296875
    ],