{
    "model_id": "669e3af8-b055-4afc-9042-46e2fd939ee6",
    "train_accuracy": [
        0.54921875,
        0.584375,
        0.628125,
        0.64296875,
        0.648046875,
        0.66015625,
        0.66953125,
        0.679296875,
        0.691015625,
        0.698828125,
        0.6921875,
        0.709375,
        0.712109375,
        0.716015625,
        0.711328125,
        0.720703125,
        0.72421875,
        0.723828125,
        0.730078125,
        0.73671875,
        0.734375,
        0.7359375,
        0.733984375,
        0.72890625,
        0.758984375,
        0.744921875,
        0.75078125,
        0.737109375,
        0.744140625,
        0.74921875,
        0.75703125,
        0.762890625,
        0.758984375,
        0.745703125,
        0.755078125,
        0.759765625,
        0.757421875,
        0.783984375,
        0.764453125,
        0.776953125,
        0.78984375,
        0.76796875,
        0.771875,
        0.76796875,
        0.778515625,
        0.78203125,
        0.778515625,
        0.778125,
        0.78671875,
        0.787109375,
        0.7984375,
        0.78828125,
        0.78984375,
        0.788671875,
        0.790234375,
        0.7828125,
        0.78515625,
        0.79296875,
        0.79921875,
        0.803515625,
        0.796484375,
        0.794140625,
        0.79765625,
        0.804296875,
        0.808203125,
        0.79296875,
        0.796875,
        0.7953125,
        0.807421875,
        0.809375,
        0.80546875,
        0.794921875,
        0.80703125,
        0.80078125,
        0.8078125,
        0.806640625,
        0.816015625,
        0.799609375,
        0.814453125,
        0.803515625,
        0.8078125,
        0.81171875,
        0.811328125,
        0.81171875,
        0.8078125,
        0.79921875,
        0.80390625,
        0.817578125,
        0.814453125,
        0.821484375,
        0.805078125,
        0.8125,
        0.82109375,
        0.80859375,
        0.808203125,
        0.816796875,
        0.82265625,
        0.825,
        0.8140625,
        0.80546875
    ],
    "train_loss": [
        0.007253797329030931,
        0.006892435764893889,
        0.006576690822839737,
        0.006550302286632359,
        0.006353684235364199,
        0.006188147375360132,
        0.006079949648119509,
        0.005983508401550352,
        0.005911007383838296,
        0.005745034571737051,
        0.005796370364259928,
        0.005550320399925113,
        0.005582061107270419,
        0.005510788911487907,
        0.005419333977624774,
        0.005335530987940729,
        0.005374349351041019,
        0.005311991053167731,
        0.005270952172577381,
        0.0051200937945395705,
        0.00515542202629149,
        0.005080166540574282,
        0.0050770997651852666,
        0.0050823988625779744,
        0.0048971872078254815,
        0.004926117474678904,
        0.004810375475790352,
        0.004826073895674199,
        0.004988456517457962,
        0.004898575542028993,
        0.004788224934600294,
        0.004788771946914494,
        0.004725875414442271,
        0.004745256644673646,
        0.004626937536522746,
        0.004609871085267514,
        0.0047371467226184905,
        0.004481370619032532,
        0.004566832084674388,
        0.0044569127494469285,
        0.004412162688095122,
        0.004434054403100162,
        0.0044284209609031676,
        0.0043733350117690865,
        0.004450697591528297,
        0.004396860837005079,
        0.00430400826735422,
        0.00439304179744795,
        0.004308474948629737,
        0.004186843079514802,
        0.004061382822692394,
        0.0041891072876751425,
        0.004164808348286897,
        0.004132520430721343,
        0.004173658625222743,
        0.004284963035024703,
        0.004229525302071125,
        0.004163322260137647,
        0.004026485059875995,
        0.003897395497187972,
        0.004113478271756321,
        0.003978737012948841,
        0.0039775959681719545,
        0.003961606544908136,
        0.0038888132083229722,
        0.004041168780531734,
        0.004029635223560035,
        0.003951890673488378,
        0.0038888756767846643,
        0.003910160670056939,
        0.003968098002951592,
        0.003990153328049928,
        0.0038303482229821383,
        0.003952779358951375,
        0.0038875974947586655,
        0.0038257972104474903,
        0.0037271304172463715,
        0.003810420702211559,
        0.0038563539856113493,
        0.003784848336363211,
        0.0037230337504297493,
        0.0037881342694163324,
        0.003674071270506829,
        0.0038203542004339396,
        0.003703064832370728,
        0.003825688280630857,
        0.003809681354323402,
        0.0037787980982102454,
        0.0036192326224409044,
        0.003564743261085823,
        0.0037425788352265952,
        0.003737050050403923,
        0.0036319578532129524,
        0.003710151859559119,
        0.0037758963007945567,
        0.0036774654290638864,
        0.003641929378500208,
        0.0035481703351251783,
        0.0036087489919736982,
        0.003787231049500406
    ],
    "val_accuracy": [
        0.51875,
        0.5828125,
        0.6015625,
        0.60625,
        0.6140625,
        0.640625,
        0.6375,
        0.6390625,
        0.675,
        0.6578125,
        0.6828125,
        0.6734375,
        0.6671875,
        0.675,
        0.6984375,
        0.6546875,
        0.6703125,
        0.68125,
        0.7125,
        0.7125,
        0.7125,
        0.684375,
        0.6828125,
        0.6828125,
        0.6734375,
        0.6890625,
        0.6890625,
        0.7125,
        0.690625,
        0.6625,
        0.6875,
        0.6625,
        0.709375,
        0.6953125,
        0.665625,
        0.684375,
        0.690625,
        0.690625,
        0.7046875,
        0.7,
        0.69375,
        0.69375,
        0.6859375,
        0.696875,
        0.6984375,
        0.6640625,
        0.69375,
        0.6640625,
        0.68125,
        0.6859375,
        0.684375,
        0.6515625,
        0.678125,
        0.6390625,
        0.65,
        0.6578125,
        0.665625,
        0.63125,
        0.646875,
        0.678125,
        0.6234375,
        0.659375,
        0.6921875,
        0.6421875,
        0.6453125,
        0.684375,
        0.65,
        0.6421875,
        0.6140625,
        0.6453125,
        0.6859375,
        0.6296875,
        0.675,
        0.646875,
        0.6640625,
        0.7078125,
        0.6640625,
        0.6796875,
        0.675,
        0.6703125,
        0.640625,
        0.7,
        0.71875,
        0.675,
        0.671875,
        0.665625,
        0.6625,
        0.675,
        0.690625,
        0.6953125,
        0.6875,
        0.6734375,
        0.6890625,
        0.640625,
        0.671875,
        0.68125,
        0.6734375,
        0.678125,
        0.6953125,
        0.678125
    ],