{
    "model_id": "a1d8d678-4e9d-49e7-8909-1c636b947a36",
    "train_accuracy": [
        0.56875,
        0.681640625,
        0.715625,
        0.72578125,
        0.75625,
        0.763671875,
        0.775,
        0.78671875,
        0.782421875,
        0.8078125,
        0.8171875,
        0.820703125,
        0.823046875,
        0.826171875,
        0.8359375,
        0.844921875,
        0.851953125,
        0.866796875,
        0.87109375,
        0.867578125,
        0.8625,
        0.875390625,
        0.865234375,
        0.88359375,
        0.881640625,
        0.8859375,
        0.888671875,
        0.898046875,
        0.911328125,
        0.903125,
        0.887109375,
        0.909765625,
        0.913671875,
        0.914453125,
        0.922265625,
        0.921484375,
        0.92265625,
        0.92421875,
        0.932421875,
        0.93125,
        0.92734375,
        0.941796875,
        0.93515625,
        0.9390625,
        0.93671875,
        0.938671875,
        0.9484375,
        0.9421875,
        0.9453125,
        0.943359375
    ],
    "train_loss": [
        0.007141774240881205,
        0.0060624365461990236,
        0.00562671321677044,
        0.005444062303286046,
        0.00512585494434461,
        0.005002612818498164,
        0.004780386295169592,
        0.004559963091742248,
        0.004497806227300316,
        0.004289323708508164,
        0.004120476450771094,
        0.003999903565272689,
        0.004005102487280965,
        0.0037947373231872914,
        0.0037247037515044214,
        0.0035349888494238257,
        0.003439079917734489,
        0.003195041138678789,
        0.003138468466931954,
        0.0030941177858039735,
        0.0031126082525588573,
        0.0029963813663925975,
        0.002949513151543215,
        0.0028217840066645295,
        0.002767440682509914,
        0.0027755594521295278,
        0.0025223816453944893,
        0.0024525688320863994,
        0.0022868006082717328,
        0.0023196406080387534,
        0.0024605799990240484,
        0.0022251735208556056,
        0.0020888382889097555,
        0.0022049179213354366,
        0.0020024438621476293,
        0.0020578169380314646,
        0.0019452303415164352,
        0.0018143777444493026,
        0.0018196211953181774,
        0.0018614917993545533,
        0.0017927652050275355,
        0.0015732280793599785,
        0.0017028008500346915,
        0.0015424685610923917,
        0.0015516864106757567,
        0.001535928809607867,
        0.0014371722878422587,
        0.0014926539908628911,
        0.0014893710394972004,
        0.001479789798031561
    ],
    "val_accuracy": [
        0.4828125,
        0.4875,
        0.6515625,
        0.71875,
        0.7125,
        0.715625,
        0.7109375,
        0.7203125,
        0.7109375,
        0.715625,
        0.715625,
        0.7125,
        0.7125,
        0.71875,
        0.7140625,
        0.7171875,
        0.715625,
        0.7140625,
        0.715625,
        0.7234375,
        0.7125,
        0.71875,
        0.7171875,
        0.709375,
        0.709375,
        0.7171875,
        0.7125,
        0.7171875,
        0.7125,
        0.7203125,
        0.7,
        0.7078125,
        0.7140625,
        0.7140625,
        0.7140625,
        0.709375,
        0.7109375,
        0.7078125,
        0.709375,
        0.7125,
        0.7125,
        0.7171875,
        0.709375,
        0.7171875,
        0.7203125,
        0.7140625,
        0.7171875,
        0.71875,
        0.7125,
        0.71875
    ],
    "val_loss": [
        0.007871199864894152,
        0.008225281536579133,
        0.006801436841487885,
        0.006208421662449837,
        0.006170004792511463,
        0.006071636034175753,
        0.0060927655082196,
        0.006098035117611289,
        0.006114473473280669,
        0.006153545482084155,
        0.006122645875439048,
        0.00627738400362432,
        0.006261148815974593,
        0.006349880155175925,
        0.006486168969422579,
        0.006579822581261397,
        0.006705686915665865,
        0.006772163137793541,
        0.006930430885404348,
        0.006860644789412618,
        0.00707844290882349,
        0.00717753991484642,
        0.00735625708475709,
        0.007474078144878149,
        0.007439493201673031,
        0.007442920189350844,
        0.0076115139760077,
        0.007767620868980885,
        0.008108696062117815,
        0.008177984785288573,
        0.008176314737647771,
        0.008143078722059726,
        0.008482727874070405,
        0.008492002543061972,
        0.00857911417260766,
        0.008631799090653657,
        0.008950965572148561,
        0.008873490802943706,
        0.009209505748003721,
        0.009310673736035825,
        0.00942488182336092,
        0.009190747048705816,
        0.009505263343453408,
        0.009367794822901487,
        0.009350931923836469,
        0.009767101146280766,
        0.009950448665767908,
        0.010088817682117224,
        0.010055762622505427,
        0.01015027342364192
    ],
    "hyperparameters": {
        "learning_rate": 0.0005,
        "num_epochs": 50,
        "batch_size": 100,
        "stem_v": false,
        "pool_v": "mean",
        "norm_v": true,
        "dropout_rate": 0.5
    },
    "results": {
        "classes": 2,
        "last_acc": 0.71875,
        "best_acc": 0.7234375,
        "best_acc_epoch": 19,
        "confusion_matrix": [
            [
                235,
                96
            ],
            [
                81,
                228
            ]
        ],
        "classification_report": "              precision    recall  f1-score   support\n\n     class 0       0.74      0.71      0.73       331\n     class 1       0.70      0.74      0.72       309\n\n    accuracy                           0.72       640\n   macro avg       0.72      0.72      0.72       640\nweighted avg       0.72      0.72      0.72       640\n"
    }
}