{
    "model_id": "7ac99834-bc05-44ef-8f5f-b012a66514c5",
    "train_accuracy": [
        0.568359375,
        0.6046875,
        0.583984375,
        0.5921875,
        0.594140625,
        0.58125,
        0.5890625,
        0.555078125,
        0.56484375,
        0.5546875,
        0.53359375,
        0.533984375,
        0.543359375,
        0.515625,
        0.513671875,
        0.492578125,
        0.494921875,
        0.5046875,
        0.486328125,
        0.493359375,
        0.505078125,
        0.501171875,
        0.509765625,
        0.484765625,
        0.51171875,
        0.5078125,
        0.50546875,
        0.495703125,
        0.5046875,
        0.510546875,
        0.48984375,
        0.49921875,
        0.505859375,
        0.487109375,
        0.522265625,
        0.50625,
        0.498828125,
        0.49453125,
        0.486328125,
        0.52578125,
        0.485546875,
        0.5015625,
        0.499609375,
        0.514453125,
        0.476953125,
        0.5046875,
        0.492578125,
        0.48984375,
        0.513671875,
        0.494921875,
        0.512109375,
        0.489453125,
        0.525,
        0.494140625,
        0.496484375,
        0.488671875,
        0.5109375,
        0.495703125,
        0.507421875,
        0.5046875,
        0.485546875,
        0.501171875,
        0.500390625,
        0.517578125,
        0.505078125,
        0.504296875,
        0.508203125,
        0.5078125,
        0.484375,
        0.51484375,
        0.48125,
        0.496484375,
        0.502734375,
        0.514453125,
        0.490234375,
        0.514453125,
        0.496484375,
        0.51484375,
        0.501953125,
        0.498828125,
        0.494140625,
        0.52109375,
        0.503125,
        0.4890625,
        0.505078125,
        0.493359375,
        0.4921875,
        0.5,
        0.517578125,
        0.503515625,
        0.510546875,
        0.519140625,
        0.488671875,
        0.515234375,
        0.491015625,
        0.490234375,
        0.487109375,
        0.5,
        0.487109375,
        0.47734375
    ],
    "train_loss": [
        0.021682872995734216,
        0.007421968947164714,
        0.007225637417286634,
        0.006923567620106041,
        0.006808400666341185,
        0.00685827371198684,
        0.006906625442206859,
        0.007646403089165687,
        0.006890766252763569,
        0.006860975711606443,
        0.007026064535602927,
        0.007189434790052474,
        0.006918046902865171,
        0.007067218539305031,
        0.007318565621972084,
        0.007265037531033159,
        0.007582070818170905,
        0.0071878414135426285,
        0.007229957892559469,
        0.007192869205027819,
        0.007161593064665794,
        0.00711554023437202,
        0.007180384709499776,
        0.0071624541655182835,
        0.007216230500489473,
        0.007145342929288745,
        0.007156914635561407,
        0.007992848218418658,
        0.007376235374249518,
        0.007092345017008483,
        0.007310053682886064,
        0.007210371154360473,
        0.007171255443245173,
        0.0071052081882953646,
        0.00700291998218745,
        0.00747415036894381,
        0.007554188254289329,
        0.007237404212355613,
        0.007183973211795092,
        0.0074951726011931894,
        0.007118871947750449,
        0.007110778079368174,
        0.00715057433117181,
        0.007156167202629149,
        0.007085738470777869,
        0.007344600860960782,
        0.0070742418523877856,
        0.00707406559959054,
        0.007064130413345993,
        0.007060221140272915,
        0.007181974477134645,
        0.007114793756045401,
        0.0070468738675117494,
        0.007269053743220866,
        0.0072187094017863275,
        0.007221200200729072,
        0.007157803629525006,
        0.007067715004086495,
        0.0070982667384669185,
        0.00707377721555531,
        0.007310021016746759,
        0.007128746178932488,
        0.00715633942745626,
        0.007039283728227019,
        0.0071046671364456415,
        0.007079734141007066,
        0.007072665053419769,
        0.0070980801712721584,
        0.007125191390514374,
        0.0070667874300852414,
        0.007093149493448437,
        0.007106688315980136,
        0.0071380507666617635,
        0.007067001843824983,
        0.007270477875135839,
        0.007106557954102755,
        0.007093762187287212,
        0.007095460593700409,
        0.007177211856469512,
        0.007130125374533236,
        0.007081530801951885,
        0.007044801581650972,
        0.007090730918571353,
        0.0071463417960330846,
        0.007148420508019626,
        0.007077932357788086,
        0.007155094761401415,
        0.007149712857790291,
        0.007341382023878395,
        0.0070261885179206725,
        0.008818451105616987,
        0.007156407879665494,
        0.00712317768484354,
        0.0071150156203657385,
        0.00712573102209717,
        0.007190985977649689,
        0.007188759651035071,
        0.007158216089010239,
        0.00707577655557543,
        0.007172391749918461
    ],
    "val_accuracy": [
        0.6171875,
        0.671875,
        0.6234375,
        0.6,
        0.528125,
        0.584375,
        0.5734375,
        0.6296875,
        0.5671875,
        0.5078125,
        0.5265625,
        0.621875,
        0.5171875,
        0.4953125,
        0.4828125,
        0.5171875,
        0.5171875,
        0.5171875,
        0.484375,
        0.5171875,
        0.5171875,
        0.5171875,
        0.5171875,
        0.5,
        0.5171875,
        0.5171875,
        0.50625,
        0.5171875,
        0.5171875,
        0.5171875,
        0.4828125,
        0.5171875,
        0.4828125,
        0.4828125,
        0.515625,
        0.503125,
        0.5171875,
        0.4828125,
        0.5171875,
        0.5171875,
        0.4828125,
        0.4828125,
        0.5171875,
        0.5171875,
        0.4828125,
        0.4828125,
        0.5171875,
        0.5171875,
        0.5171875,
        0.4828125,
        0.5171875,
        0.4828125,
        0.5171875,
        0.4828125,
        0.5171875,
        0.4828125,
        0.5171875,
        0.5171875,
        0.5171875,
        0.5171875,
        0.4828125,
        0.5171875,
        0.5171875,
        0.4828125,
        0.4828125,
        0.4828125,
        0.4828125,
        0.5171875,
        0.4828125,
        0.4828125,
        0.4828125,
        0.4828125,
        0.5171875,
        0.5171875,
        0.4828125,
        0.5171875,
        0.4828125,
        0.4828125,
        0.5171875,
        0.5171875,
        0.4828125,
        0.4828125,
        0.5171875,
        0.4828125,
        0.5171875,
        0.4828125,
        0.5171875,
        0.490625,
        0.4890625,
        0.4984375,
        0.4828125,
        0.4828125,
        0.5171875,
        0.4828125,
        0.4828125,
        0.5171875,
        0.5171875,
        0.4828125,
        0.5171875,
        0.5171875
    ],