{
    "model_id": "26990702-8e2a-4dba-bb76-b65ce5123845",
    "train_accuracy": [
        0.5265625,
        0.560546875,
        0.6,
        0.601953125,
        0.644140625,
        0.644140625,
        0.6734375,
        0.684375,
        0.69375,
        0.691015625,
        0.703125,
        0.7015625,
        0.710546875,
        0.723828125,
        0.719140625,
        0.719921875,
        0.72734375,
        0.74375,
        0.757421875,
        0.744921875,
        0.75859375,
        0.752734375,
        0.7625,
        0.7625,
        0.7609375,
        0.76640625,
        0.764453125,
        0.778125,
        0.780078125,
        0.775,
        0.778125,
        0.7921875,
        0.7921875,
        0.788671875,
        0.788671875,
        0.790625,
        0.796875,
        0.79921875,
        0.800390625,
        0.803515625,
        0.803515625,
        0.8140625,
        0.808203125,
        0.80625,
        0.81640625,
        0.810546875,
        0.81875,
        0.813671875,
        0.82578125,
        0.827734375,
        0.82421875,
        0.8328125,
        0.833203125,
        0.833203125,
        0.825,
        0.8359375,
        0.83828125,
        0.84140625,
        0.828125,
        0.8375,
        0.837890625,
        0.84375,
        0.85078125,
        0.8453125,
        0.85234375,
        0.8453125,
        0.8421875,
        0.844921875,
        0.85546875,
        0.85390625,
        0.853125,
        0.857421875,
        0.84921875,
        0.86015625,
        0.86328125,
        0.85390625,
        0.87109375,
        0.86171875,
        0.866796875,
        0.86484375,
        0.87734375,
        0.875,
        0.877734375,
        0.879296875,
        0.878515625,
        0.8796875,
        0.8828125,
        0.8734375,
        0.885546875,
        0.88046875,
        0.8796875,
        0.884765625,
        0.890234375,
        0.889453125,
        0.885546875,
        0.890234375,
        0.897265625,
        0.898046875,
        0.89453125,
        0.885546875
    ],
    "train_loss": [
        0.007494705729186535,
        0.007182402419857681,
        0.006796033564023673,
        0.00680051576346159,
        0.006459513353183866,
        0.006353221368044615,
        0.006241267151199281,
        0.006053260038606822,
        0.005934933479875326,
        0.005840429570525885,
        0.005787754524499178,
        0.005764332634862512,
        0.005738855164963752,
        0.0055575397447682915,
        0.005447624856606126,
        0.005551831319462508,
        0.0054905210039578375,
        0.005229209363460541,
        0.005254802014678717,
        0.005313921847846359,
        0.005145552207250148,
        0.005099550331942737,
        0.004964500735513866,
        0.004979754600208252,
        0.0049016069271601735,
        0.004838472220581025,
        0.004845816246233881,
        0.004785646917298436,
        0.004758040956221521,
        0.00469507462112233,
        0.004673278448171914,
        0.004642177606001496,
        0.00456803401466459,
        0.004603027063421905,
        0.004486004530917853,
        0.004456448741257191,
        0.0044637304148636755,
        0.004398024349939078,
        0.004354969121050089,
        0.004325811937451363,
        0.004273407114669681,
        0.004159305954817683,
        0.004235168150626123,
        0.004216394806280732,
        0.00410976744024083,
        0.004135237704031169,
        0.004071827977895737,
        0.003982441604603082,
        0.003920359956100583,
        0.0038547344855032863,
        0.003919889114331454,
        0.0038626768509857357,
        0.0038254652870818974,
        0.0037506391876377166,
        0.003818338050041348,
        0.0037545256200246513,
        0.003740814747288823,
        0.0035836282593663784,
        0.0037756962643470614,
        0.0036878869868814945,
        0.0036189223057590423,
        0.0035138949402607977,
        0.0035145584144629536,
        0.0035353222978301347,
        0.003418359742499888,
        0.0034705310477875172,
        0.0035196073644328863,
        0.0034248157404363154,
        0.0033736757817678154,
        0.0033220649405848236,
        0.0033219588687643407,
        0.003296672098804265,
        0.0033702847082167863,
        0.0031976588536053894,
        0.003213868191232905,
        0.0032828768657054753,
        0.003118510456988588,
        0.0031690292060375215,
        0.0030569733527954666,
        0.0031545942882075908,
        0.0029215757502242925,
        0.0029648391529917715,
        0.003028459002962336,
        0.002887042675865814,
        0.002874449285445735,
        0.002837364102015272,
        0.002777066524140537,
        0.002954966254765168,
        0.0027558876608964056,
        0.00282515236758627,
        0.0028619367571081967,
        0.0027829448808915913,
        0.002676659310236573,
        0.002734275552211329,
        0.0026655083522200583,
        0.0025591991550754757,
        0.002501717139966786,
        0.002600658539449796,
        0.002501385845243931,
        0.002616677386686206
    ],
    "val_accuracy": [
        0.4859375,
        0.6125,
        0.6609375,
        0.6796875,
        0.6921875,
        0.6984375,
        0.7125,
        0.7140625,
        0.715625,
        0.7171875,
        0.715625,
        0.7203125,
        0.7296875,
        0.7359375,
        0.73125,
        0.740625,
        0.7375,
        0.7375,
        0.746875,
        0.7421875,
        0.7515625,
        0.7484375,
        0.753125,
        0.7515625,
        0.753125,
        0.7515625,
        0.7546875,
        0.753125,
        0.7515625,
        0.753125,
        0.75625,
        0.7515625,
        0.7546875,
        0.7546875,
        0.75,
        0.75,
        0.75,
        0.75,
        0.7453125,
        0.746875,
        0.7359375,
        0.7375,
        0.7453125,
        0.740625,
        0.7390625,
        0.7375,
        0.740625,
        0.7359375,
        0.7375,
        0.7359375,
        0.734375,
        0.7328125,
        0.73125,
        0.7328125,
        0.7375,
        0.73125,
        0.734375,
        0.73125,
        0.734375,
        0.7234375,
        0.7328125,
        0.7390625,
        0.7328125,
        0.7390625,
        0.7296875,
        0.734375,
        0.73125,
        0.73125,
        0.728125,
        0.73125,
        0.73125,
        0.734375,
        0.73125,
        0.7390625,
        0.7390625,
        0.7359375,
        0.7390625,
        0.7359375,
        0.7328125,
        0.7390625,
        0.7328125,
        0.734375,
        0.7390625,
        0.74375,
        0.740625,
        0.7453125,
        0.746875,
        0.7390625,
        0.734375,
        0.7390625,
        0.7484375,
        0.7515625,
        0.7453125,
        0.74375,
        0.7515625,
        0.7515625,
        0.75,
        0.7546875,
        0.7484375,
        0.746875
    ],