{
    "model_id": "57632ed8-b33a-46c6-a886-5f13df1a4415",
    "train_accuracy": [
        0.51875,
        0.5203125,
        0.541796875,
        0.565234375,
        0.573828125,
        0.5796875,
        0.595703125,
        0.6046875,
        0.6171875,
        0.6328125,
        0.628125,
        0.653515625,
        0.652734375,
        0.653125,
        0.666796875,
        0.664453125,
        0.66484375,
        0.65859375,
        0.687109375,
        0.690234375,
        0.679296875,
        0.69609375,
        0.69609375,
        0.697265625,
        0.694921875,
        0.71953125,
        0.7046875,
        0.6984375,
        0.719140625,
        0.7203125,
        0.7171875,
        0.714453125,
        0.71875,
        0.732421875,
        0.71953125,
        0.734375,
        0.72265625,
        0.73203125,
        0.740625,
        0.73125,
        0.737109375,
        0.73671875,
        0.733203125,
        0.740625,
        0.743359375,
        0.748046875,
        0.747265625,
        0.741015625,
        0.739453125,
        0.75,
        0.748828125,
        0.751171875,
        0.7546875,
        0.7484375,
        0.758203125,
        0.760546875,
        0.758203125,
        0.761328125,
        0.774609375,
        0.761328125,
        0.7734375,
        0.76953125,
        0.76796875,
        0.766015625,
        0.78125,
        0.78203125,
        0.782421875,
        0.7703125,
        0.775390625,
        0.78046875,
        0.780078125,
        0.7796875,
        0.76953125,
        0.767578125,
        0.775390625,
        0.776171875,
        0.77890625,
        0.790625,
        0.792578125,
        0.7890625,
        0.787890625,
        0.790625,
        0.790625,
        0.785546875,
        0.79296875,
        0.797265625,
        0.792578125,
        0.7953125,
        0.792578125,
        0.7921875,
        0.789453125,
        0.797265625,
        0.809765625,
        0.802734375,
        0.80703125,
        0.808203125,
        0.7921875,
        0.8015625,
        0.79453125,
        0.805078125
    ],
    "train_loss": [
        0.008205206249840558,
        0.007946847868151963,
        0.007488041766919196,
        0.007351300213485956,
        0.007105452916584909,
        0.007045637490227819,
        0.006861849082633853,
        0.006786931562237442,
        0.006660870555788278,
        0.006583338766358793,
        0.006573737319558859,
        0.0064515343867242335,
        0.006361379520967603,
        0.006375200161710381,
        0.006241886178031564,
        0.006268822238780558,
        0.006184878945350647,
        0.00613638658542186,
        0.006045604730024934,
        0.0059922858839854595,
        0.005978745385073125,
        0.005912454263307154,
        0.00592086446704343,
        0.005863803485408425,
        0.005781756481155753,
        0.005712706106714904,
        0.005742148635908962,
        0.005828499246854335,
        0.0057135320268571375,
        0.005596342077478766,
        0.005645954690407962,
        0.0055848503485322,
        0.005511529976502061,
        0.0055528791272081435,
        0.00567099736072123,
        0.00545637853210792,
        0.00558529447298497,
        0.005398099834565073,
        0.00533467335626483,
        0.0054222455248236654,
        0.005349909828510135,
        0.0054272849345579745,
        0.005301967333070934,
        0.005322120536584407,
        0.005271197168622166,
        0.005201883940026164,
        0.005267416790593416,
        0.005280345014762133,
        0.005218246765434742,
        0.0050878701149486005,
        0.0051119482377544045,
        0.005181061150506139,
        0.0051303674816153945,
        0.0050761831807903945,
        0.0049885880551300945,
        0.005018328258302063,
        0.005059190071187913,
        0.005087881197687239,
        0.004938821110408753,
        0.004947669804096222,
        0.0048605629708617926,
        0.004860272060614079,
        0.0048873636173084375,
        0.004879820230416954,
        0.0048818431212566795,
        0.004753124492708594,
        0.0048047764459624885,
        0.004859755211509764,
        0.004762629535980523,
        0.004701998748350889,
        0.004754150600638241,
        0.0046926855342462655,
        0.004704119311645627,
        0.0046866228920407595,
        0.004743869521189481,
        0.004647263581864536,
        0.004690455773379653,
        0.004685082600917667,
        0.004599126614630222,
        0.004555776971392334,
        0.004537989012897014,
        0.004553600528743118,
        0.0045566992019303145,
        0.004553863254841417,
        0.0044941586209461095,
        0.004501114378217608,
        0.004502948455046863,
        0.004389794764574617,
        0.0044035748927854,
        0.004450749850366265,
        0.004414980974979698,
        0.004440370528027415,
        0.004295952257234603,
        0.004261473275255412,
        0.004344857693649828,
        0.004292102169711143,
        0.0043555251089856025,
        0.00435103306081146,
        0.004418389825150371,
        0.004200989461969585
    ],
    "val_accuracy": [
        0.4828125,
        0.4953125,
        0.5484375,
        0.5984375,
        0.61875,
        0.6328125,
        0.6484375,
        0.6578125,
        0.6625,
        0.671875,
        0.6640625,
        0.675,
        0.684375,
        0.6875,
        0.6953125,
        0.6953125,
        0.6953125,
        0.6984375,
        0.7015625,
        0.696875,
        0.7015625,
        0.7015625,
        0.70625,
        0.7046875,
        0.7046875,
        0.7015625,
        0.70625,
        0.7046875,
        0.7125,
        0.7078125,
        0.7109375,
        0.7125,
        0.709375,
        0.715625,
        0.7140625,
        0.7171875,
        0.7078125,
        0.71875,
        0.7171875,
        0.7171875,
        0.71875,
        0.7203125,
        0.721875,
        0.7265625,
        0.721875,
        0.7234375,
        0.73125,
        0.7265625,
        0.7234375,
        0.7296875,
        0.7265625,
        0.7265625,
        0.73125,
        0.7265625,
        0.73125,
        0.7328125,
        0.7265625,
        0.728125,
        0.7296875,
        0.7296875,
        0.7296875,
        0.728125,
        0.734375,
        0.73125,
        0.7328125,
        0.734375,
        0.734375,
        0.734375,
        0.7359375,
        0.74375,
        0.7421875,
        0.734375,
        0.7453125,
        0.7421875,
        0.7421875,
        0.7421875,
        0.74375,
        0.7375,
        0.74375,
        0.74375,
        0.7359375,
        0.74375,
        0.7421875,
        0.746875,
        0.7484375,
        0.7453125,
        0.7453125,
        0.740625,
        0.7515625,
        0.7390625,
        0.7421875,
        0.740625,
        0.7375,
        0.7375,
        0.7375,
        0.7359375,
        0.7359375,
        0.734375,
        0.7390625,
        0.7359375
    ],