{
    "model_id": "d77612be-cd36-49f2-8e66-42ed304d454d",
    "train_accuracy": [
        0.628125,
        0.770703125,
        0.831640625,
        0.886328125,
        0.930078125,
        0.964453125,
        0.97734375,
        0.98671875,
        0.9890625,
        0.987890625
    ],
    "train_loss": [
        0.012869384756777435,
        0.00994970278115943,
        0.007714788487646729,
        0.00587414518231526,
        0.004116362385684624,
        0.002670548341120593,
        0.0018260306133015547,
        0.0012944283822434953,
        0.0010745619369117777,
        0.0010310697947716108
    ],
    "val_accuracy": [
        0.7109375,
        0.746875,
        0.765625,
        0.78125,
        0.7796875,
        0.7765625,
        0.775,
        0.784375,
        0.7859375,
        0.7828125
    ],
    "val_loss": [
        0.011205768724903465,
        0.010646144347265362,
        0.010388634586706757,
        0.010548463743180036,
        0.01173378445673734,
        0.013326481031253935,
        0.013748703803867102,
        0.0147896823938936,
        0.016103477822616695,
        0.01628845985978842
    ],
    "hyperparameters": {
        "learning_rate": 1e-05,
        "num_epochs": 10,
        "batch_size": 50,
        "max_len": 150,
        "dropout": 0.5
    },
    "results": {
        "classes": 2,
        "last_acc": 0.7828125,
        "best_acc": 0.7859375,
        "best_acc_epoch": 8,
        "confusion_matrix": [
            [
                278,
                53
            ],
            [
                84,
                225
            ]
        ],
        "classification_report": "              precision    recall  f1-score   support\n\n     Class 0       0.77      0.83      0.80       331\n     Class 1       0.80      0.73      0.76       309\n\n    accuracy                           0.78       640\n   macro avg       0.78      0.78      0.78       640\nweighted avg       0.78      0.78      0.78       640\n"
    }
}