{
    "model_id": "fb735898-e4d9-43c3-ada6-76a6ef276f7b",
    "train_accuracy": [
        0.5859375,
        0.739453125,
        0.790625,
        0.824609375,
        0.85625,
        0.8890625,
        0.9140625,
        0.9359375,
        0.95859375,
        0.9640625
    ],
    "train_loss": [
        0.013579394877888262,
        0.011167042457964271,
        0.009516669134609402,
        0.00816604521824047,
        0.007027283596107737,
        0.0059661678445991125,
        0.004801383870653808,
        0.00402915786835365,
        0.0030517482635332273,
        0.0026112780469702557
    ],
    "val_accuracy": [
        0.6890625,
        0.75,
        0.75625,
        0.778125,
        0.7828125,
        0.784375,
        0.771875,
        0.78125,
        0.7796875,
        0.7828125
    ],
    "val_loss": [
        0.012305751536041498,
        0.01071245945058763,
        0.010107445809990168,
        0.009913066169247031,
        0.009683089330792427,
        0.01001351634040475,
        0.010324276285246015,
        0.010763750737532973,
        0.011298990994691848,
        0.012547405436635017
    ],
    "hyperparameters": {
        "learning_rate": 5e-06,
        "num_epochs": 10,
        "batch_size": 50,
        "max_len": 150,
        "dropout": 0.5
    },
    "results": {
        "classes": 2,
        "last_acc": 0.7828125,
        "best_acc": 0.784375,
        "best_acc_epoch": 5,
        "confusion_matrix": [
            [
                260,
                71
            ],
            [
                67,
                242
            ]
        ],
        "classification_report": "              precision    recall  f1-score   support\n\n     Class 0       0.76      0.85      0.80       331\n     Class 1       0.81      0.71      0.76       309\n\n    accuracy                           0.78       640\n   macro avg       0.79      0.78      0.78       640\nweighted avg       0.79      0.78      0.78       640\n"
    }
}