{
    "model_id": "e0fab39b-7665-46a6-9a8b-9fb3607a780f",
    "train_accuracy": [
        0.13555383423702555,
        0.1611154144074361,
        0.19209914794732766,
        0.24864446165762974,
        0.26026336173508907,
        0.2687838884585593,
        0.2889233152594888,
        0.31680867544539115,
        0.3330751355538342,
        0.33230054221533695,
        0.3772269558481797,
        0.37412858249419056,
        0.37955073586367155,
        0.4120836560805577,
        0.4144074360960496,
        0.43532145623547636,
        0.42835011618900076,
        0.4492641363284276,
        0.47095274980635166,
        0.47714949651433,
        0.48644461657629745,
        0.4817970565453137,
        0.5151045701006971,
        0.5236250968241674,
        0.5499612703330752,
        0.5677769171185127,
        0.5793958171959721,
        0.5941130906274206,
        0.5956622773044152,
        0.6096049573973664,
        0.6289697908597986,
        0.6444616576297444,
        0.6483346243222309,
        0.6661502711076684,
        0.6692486444616577,
        0.6824167312161116,
        0.6924864446165763,
        0.7180480247869868,
        0.7188226181254841,
        0.731990704879938,
        0.7428350116189001,
        0.7691711851278079,
        0.7498063516653757,
        0.7637490317583269,
        0.7753679318357862,
        0.7714949651432997,
        0.7924089852827265,
        0.7986057319907048,
        0.8048024786986832,
        0.7931835786212239,
        0.8171959721146398,
        0.8187451587916343,
        0.8156467854376452,
        0.8412083656080558,
        0.8458559256390396,
        0.8474051123160341,
        0.8481797056545314,
        0.8543764523625097,
        0.8590240123934935,
        0.8659953524399691
    ],
    "train_loss": [
        0.08583431267904552,
        0.08444164918431195,
        0.08293435704698865,
        0.08114013516745948,
        0.07984607114429902,
        0.07891345762818659,
        0.0776538244981714,
        0.07618123574556074,
        0.07504368290062749,
        0.07428117873223598,
        0.07277514609507495,
        0.07162769786338304,
        0.07087810292528361,
        0.06955814019918996,
        0.06848203692668912,
        0.06717878076847351,
        0.06691184873085997,
        0.0657208157915371,
        0.06465575669182999,
        0.06375884021741304,
        0.06301335416774617,
        0.062282385334868844,
        0.061368947801065485,
        0.06034169623687413,
        0.059095144087173146,
        0.05833626347489361,
        0.05743874615241538,
        0.056383113543438786,
        0.055319848954446735,
        0.0548912814012523,
        0.05365992682004141,
        0.052842096244522435,
        0.0514050018501134,
        0.050927533787595125,
        0.05002439188273908,
        0.04925056791046994,
        0.048043287511392675,
        0.04666698362179083,
        0.046205945157155245,
        0.04527810675335152,
        0.0440708391431872,
        0.04319957792066401,
        0.042265712429995134,
        0.04146246158458021,
        0.04043705933413517,
        0.039744597410250784,
        0.0384342093323664,
        0.03758337431227302,
        0.03689371736173386,
        0.03619238925848148,
        0.03515901314390435,
        0.03452497679165959,
        0.033825439505573394,
        0.0321826643024093,
        0.032223538776223366,
        0.031127606871329382,
        0.030852771839552567,
        0.029469646796249402,
        0.02866375192388096,
        0.02818158462839843
    ],
    "val_accuracy": [
        0.1488673139158576,
        0.15210355987055016,
        0.20388349514563106,
        0.2524271844660194,
        0.255663430420712,
        0.2621359223300971,
        0.2524271844660194,
        0.2750809061488673,
        0.2750809061488673,
        0.2912621359223301,
        0.30097087378640774,
        0.29449838187702265,
        0.2912621359223301,
        0.3042071197411003,
        0.31715210355987056,
        0.3300970873786408,
        0.3365695792880259,
        0.34951456310679613,
        0.3656957928802589,
        0.3592233009708738,
        0.36893203883495146,
        0.37540453074433655,
        0.3883495145631068,
        0.3948220064724919,
        0.39805825242718446,
        0.4174757281553398,
        0.42718446601941745,
        0.42718446601941745,
        0.44983818770226536,
        0.44660194174757284,
        0.4692556634304207,
        0.46601941747572817,
        0.4692556634304207,
        0.4854368932038835,
        0.49514563106796117,
        0.4854368932038835,
        0.49514563106796117,
        0.5080906148867314,
        0.5145631067961165,
        0.5242718446601942,
        0.5339805825242718,
        0.5436893203883495,
        0.5566343042071198,
        0.5566343042071198,
        0.5566343042071198,
        0.5533980582524272,
        0.5566343042071198,
        0.5792880258899676,
        0.5792880258899676,
        0.5792880258899676,
        0.5760517799352751,
        0.5889967637540453,
        0.5889967637540453,
        0.5857605177993528,
        0.6051779935275081,
        0.6051779935275081,
        0.5954692556634305,
        0.598705501618123,
        0.6051779935275081,
        0.598705501618123
    ],
    "val_loss": [
        0.08933453266674647,
        0.08781884094658021,
        0.08606657819840514,
        0.0841502263708022,
        0.08274439700598855,
        0.08166921408816835,
        0.08053530072702945,
        0.07961002792741102,
        0.07846828764696337,
        0.07764684806749658,
        0.07684455450298716,
        0.07602066013805303,
        0.07519679046371608,
        0.07447209944617016,
        0.07347693412435094,
        0.07279252002925934,
        0.07213197672637149,
        0.07130093057564547,
        0.07073863887478232,
        0.07016109031380958,
        0.06935501831634916,
        0.06885016003087115,
        0.06834425663870901,
        0.06767505812413484,
        0.0669980697261477,
        0.06631517641752668,
        0.06562703828595602,
        0.06512073598633307,
        0.06441513851622548,
        0.06353740668991237,
        0.06287759368859448,
        0.06217216905266722,
        0.06134447272155663,
        0.06069082812583948,
        0.06015584924074439,
        0.05933954877760804,
        0.058674945414645,
        0.05808125498996969,
        0.05762324981319094,
        0.057101979610603606,
        0.056317991423375395,
        0.055893541539756994,
        0.05522628200864329,
        0.0550318856069571,
        0.054292545542362056,
        0.05395039771367045,
        0.05342780984335347,
        0.053001711090791576,
        0.052490458905118186,
        0.05209416845469799,
        0.05157259598519038,
        0.051270596417794335,
        0.0509575688337431,
        0.050492711437558666,
        0.0502030463666206,
        0.049807893419728695,
        0.049503373482466514,
        0.0490798838316044,
        0.04866261871887256,
        0.048501071034897494
    ],
    "hyperparameters": {
        "learning_rate": 1e-06,
        "num_epochs": 60,
        "batch_size": 25,
        "max_len": 150,
        "dropout": 0.5
    },
    "results": {
        "classes": 8,
        "last_acc": 0.598705501618123,
        "best_acc": 0.6051779935275081,
        "best_acc_epoch": 54,