{
    "model_id": "44392080-54c0-4981-8466-c2fbc376eff3",
    "train_accuracy": [
        0.12083656080557707,
        0.12703330751355538,
        0.15027110766847404,
        0.1665375677769171,
        0.20604182804027885,
        0.2532920216886135,
        0.2804027885360186,
        0.3160340821068939,
        0.3284275755228505,
        0.35863671572424477,
        0.3694810224632068,
        0.3865220759101472,
        0.3996901626646011,
        0.4229279628195198,
        0.4252517428350116,
        0.4360960495739737,
        0.45081332300542215,
        0.4546862896979086,
        0.4810224632068164,
        0.49341595662277304,
        0.4918667699457785,
        0.4740511231603408,
        0.5073586367157242,
        0.5375677769171185,
        0.5243996901626646
    ],
    "train_loss": [
        0.08458068045786792,
        0.08373194014167343,
        0.08276203664857966,
        0.08192608616871025,
        0.08058881898151637,
        0.07890574725259653,
        0.07802913560135986,
        0.07651164889982004,
        0.07531142170165141,
        0.07382328837163499,
        0.07275504515579188,
        0.07128692218077266,
        0.06999228482648996,
        0.0690631506334064,
        0.06776493053672666,
        0.06667149953376776,
        0.06546259545061037,
        0.06505850809290832,
        0.06375329638524724,
        0.06287534397577335,
        0.06211869278958747,
        0.06166049881926994,
        0.0606165875952711,
        0.059247636868914925,
        0.058458357426106326
    ],
    "val_accuracy": [
        0.13592233009708737,
        0.1553398058252427,
        0.1715210355987055,
        0.18446601941747573,
        0.20388349514563106,
        0.22006472491909385,
        0.22006472491909385,
        0.23300970873786409,
        0.2588996763754045,
        0.284789644012945,
        0.30097087378640774,
        0.30097087378640774,
        0.31715210355987056,
        0.32038834951456313,
        0.3333333333333333,
        0.3300970873786408,
        0.34627831715210355,
        0.36893203883495146,
        0.36893203883495146,
        0.37216828478964403,
        0.3948220064724919,
        0.40129449838187703,
        0.4077669902912621,
        0.4077669902912621,
        0.4174757281553398
    ],
    "val_loss": [
        0.08779367274065233,
        0.08688354415029384,
        0.08610742416196657,
        0.08529240683830286,
        0.0843647340354796,
        0.08338929457186109,
        0.08230195809336542,
        0.08108337450181782,
        0.07976183883580575,
        0.07835946924092314,
        0.07702584637021556,
        0.07600533152089535,
        0.07492766449752364,
        0.07403236376814858,
        0.07300073390639715,
        0.07233732225053904,
        0.07146391552243032,
        0.07053681909073518,
        0.06988452900574817,
        0.06923555864871127,
        0.06848065289864648,
        0.06781083789072376,
        0.06719525423636329,
        0.06653962667705943,
        0.06595893855233795
    ],
    "hyperparameters": {
        "learning_rate": 1e-06,
        "num_epochs": 25,
        "batch_size": 25,
        "max_len": 150,
        "dropout": 0.5
    },
    "results": {
        "classes": 8,
        "last_acc": 0.4174757281553398,
        "best_acc": 0.4174757281553398,
        "best_acc_epoch": 24,
        "confusion_matrix": [
            [
                1,
                6,
                6,
                5,
                8,
                6,
                2,
                11
            ],
            [
                0,
                15,
                2,
                2,
                0,
                2,
                5,
                4
            ],
            [
                0,
                1,
                13,
                0,
                0,
                15,
                0,
                6
            ],
            [
                0,
                4,
                1,
                24,
                5,
                0,
                0,
                0
            ],
            [
                1,
                4,
                1,
                8,
                14,
                1,
                9,
                2
            ],
            [
                0,
                2,
                7,
                0,
                1,
                29,
                3,
                1
            ],
            [
                0,
                7,
                0,
                4,
                11,
                2,
                14,
                1
            ],
            [
                0,
                8,
                6,
                0,
                2,
                7,
                1,
                19
            ]
        ],
        "classification_report": "                           precision    recall  f1-score   support\n\n              flag_waving       0.50      0.02      0.04        45\nexaggeration,minimisation       0.32      0.50      0.39        30\ncausal_oversimplification       0.36      0.37      0.37        35\n    name_calling,labeling       0.56      0.71      0.62        34\n               repetition       0.34      0.35      0.35        40\n                    doubt       0.47      0.67      0.55        43\n          loaded_language       0.41      0.36      0.38        39\n appeal_to_fear_prejudice       0.43      0.44      0.44        43\n\n                 accuracy                           0.42       309\n                macro avg       0.42      0.43      0.39       309\n             weighted avg       0.43      0.42      0.38       309\n"
    }
}