{
    "model_id": "b2545149-ec93-4bdd-ac4b-22e8ddea2c4f",
    "train_accuracy": [
        0.644921875,
        0.75625,
        0.80546875,
        0.8296875,
        0.855859375,
        0.88046875,
        0.89453125,
        0.921484375,
        0.938671875,
        0.95390625,
        0.95703125,
        0.96875,
        0.975390625,
        0.97578125,
        0.985546875,
        0.98671875,
        0.9890625,
        0.9921875,
        0.98828125,
        0.985546875,
        0.987109375,
        0.99140625,
        0.99375,
        0.99453125,
        0.99375,
        0.99453125,
        0.99375,
        0.99296875,
        0.9953125,
        0.993359375,
        0.99375,
        0.993359375,
        0.99375,
        0.99375,
        0.9953125,
        0.996484375,
        0.99375,
        0.99296875,
        0.992578125,
        0.9953125,
        0.993359375,
        0.994140625,
        0.995703125,
        0.995703125,
        0.998046875,
        0.9953125,
        0.9953125,
        0.995703125,
        0.99609375,
        0.99453125,
        0.99921875,
        0.996484375,
        0.99765625,
        0.99765625,
        0.998828125,
        0.99609375,
        0.996484375,
        0.99921875,
        0.99453125,
        0.99453125,
        0.992578125,
        0.99609375,
        0.992578125,
        0.99453125,
        0.995703125,
        0.99453125,
        0.994140625,
        0.99609375,
        0.995703125,
        0.994140625,
        0.996875,
        0.997265625,
        0.9953125,
        0.997265625,
        0.998046875,
        0.996484375,
        0.996484375,
        0.99765625,
        0.9984375,
        0.9984375,
        0.997265625,
        0.999609375,
        0.999609375,
        0.998046875,
        0.998046875,
        0.99765625,
        0.996484375,
        0.998828125,
        0.998046875,
        0.9984375,
        0.99765625,
        0.997265625,
        0.99921875,
        0.998828125,
        0.9984375,
        0.99921875,
        0.996875,
        0.998828125,
        0.997265625,
        0.99921875
    ],
    "train_loss": [
        0.006195927481167018,
        0.0050719983293674884,
        0.004367847472894937,
        0.003905012609902769,
        0.0034911461640149354,
        0.0030411247280426323,
        0.0026860857906285673,
        0.0023058202117681504,
        0.0018969310272950678,
        0.001546931327902712,
        0.0013306071137776597,
        0.001126120617846027,
        0.0009275279895518907,
        0.00091665547224693,
        0.0006685093219857662,
        0.0005747407616581768,
        0.0005075083172414452,
        0.0004545945801510243,
        0.00044122143808635885,
        0.00045933773653814567,
        0.0005012297660869081,
        0.0003337108762934804,
        0.0002926478522567777,
        0.0002595946840301622,
        0.00028155062173027543,
        0.0002386705014941981,
        0.00023795049528416712,
        0.0002586375792816398,
        0.00021640735558321468,
        0.0002684707545995479,
        0.00021698079690395388,
        0.00023398972844006493,
        0.0002307311304321047,
        0.0002520761827327078,
        0.0001940856828696269,
        0.0001801195195184846,
        0.0001960633807357226,
        0.0002073892099360819,
        0.0002385003404924646,
        0.0001879521509181359,
        0.0001772001522112987,
        0.00023008586213109085,
        0.000145609823630366,
        0.0001404940802785859,
        8.830667675283622e-05,
        0.00013795536146972155,
        0.0001580727799137094,
        0.00015873997749622505,
        0.0001599291805177927,
        0.000141226496816671,
        6.994445357122459e-05,
        0.00011726668087703729,
        0.00011883084061992122,
        0.00011002424357684504,
        7.055903365653649e-05,
        0.00013397485049608803,
        0.00011562774802769127,
        7.261836944962851e-05,
        0.0001265652648271498,
        0.000143723844030319,
        0.00023273626247828362,
        0.00012928239566463163,
        0.0002023980416197446,
        0.00016229095390372095,
        0.00013856254217898823,
        0.00020493193433139821,
        0.00015004500378381635,
        0.0001185017508760211,
        0.00013305885624959046,
        0.00015513685521000297,
        0.00011161536626786983,
        0.00012340830376160737,
        0.00015110306462702284,
        9.232834008798818e-05,
        7.733719423868024e-05,
        0.00012350175611572923,
        0.00011964842551606125,
        7.518564370911918e-05,
        9.319770392721694e-05,
        7.158347118547681e-05,
        7.795970198003488e-05,
        3.533863261964143e-05,
        4.092541588534005e-05,
        5.766070087247499e-05,
        6.3357720341628e-05,
        6.079248857986386e-05,
        8.149080165367195e-05,
        5.0471759868742085e-05,
        6.689545771223492e-05,
        6.086737939767772e-05,
        8.752650990118127e-05,
        8.31096835668177e-05,
        5.49321924609103e-05,
        4.719104846344635e-05,
        4.58233864264912e-05,
        4.647494470191305e-05,
        9.299193459355592e-05,
        6.354084493978007e-05,
        8.120906318254129e-05,
        4.782481626079971e-05
    ],
    "val_accuracy": [
        0.484375,
        0.6015625,
        0.73125,
        0.7375,
        0.7390625,
        0.7453125,
        0.7328125,
        0.7328125,
        0.7328125,
        0.7359375,
        0.728125,
        0.740625,
        0.721875,
        0.7265625,
        0.7328125,
        0.73125,
        0.715625,
        0.7234375,
        0.728125,
        0.7109375,
        0.715625,
        0.7140625,
        0.7078125,
        0.734375,
        0.7140625,
        0.715625,
        0.7234375,
        0.721875,
        0.7234375,
        0.725,
        0.7234375,
        0.721875,
        0.7171875,
        0.7234375,
        0.725,
        0.728125,
        0.721875,
        0.7140625,
        0.740625,
        0.7265625,
        0.7234375,
        0.7171875,
        0.725,
        0.725,
        0.7296875,
        0.73125,
        0.728125,
        0.7203125,
        0.728125,
        0.7265625,
        0.721875,
        0.721875,
        0.725,
        0.703125,
        0.7171875,
        0.709375,
        0.7265625,
        0.7109375,
        0.721875,
        0.725,
        0.721875,
        0.7234375,
        0.7234375,
        0.73125,
        0.7265625,
        0.7234375,
        0.728125,
        0.7328125,
        0.7203125,
        0.73125,
        0.7171875,
        0.71875,
        0.70625,
        0.721875,
        0.7296875,
        0.728125,
        0.721875,
        0.721875,
        0.725,
        0.7234375,
        0.7234375,
        0.721875,
        0.73125,
        0.7390625,
        0.7234375,
        0.709375,
        0.7375,
        0.721875,
        0.7328125,
        0.7109375,
        0.734375,
        0.7234375,
        0.71875,
        0.721875,
        0.715625,
        0.71875,
        0.7109375,
        0.7171875,
        0.709375,
        0.7078125
    ],