{
    "model_id": "8cc356d9-0d29-4c0d-80c1-dc5991d35620",
    "train_accuracy": [
        0.596484375,
        0.685546875,
        0.707421875,
        0.73359375,
        0.75703125,
        0.764453125,
        0.7796875,
        0.779296875,
        0.792578125,
        0.81640625,
        0.805859375,
        0.813671875,
        0.8359375,
        0.828515625,
        0.83828125,
        0.838671875,
        0.846875,
        0.860546875,
        0.862890625,
        0.8640625,
        0.86640625,
        0.880078125,
        0.86796875,
        0.8921875,
        0.89296875,
        0.893359375,
        0.905859375,
        0.909765625,
        0.914453125,
        0.903515625,
        0.915234375,
        0.910546875,
        0.912890625,
        0.921484375,
        0.9328125,
        0.93515625,
        0.9359375,
        0.921484375,
        0.939453125,
        0.9265625,
        0.948828125,
        0.944921875,
        0.9375,
        0.951953125,
        0.941796875,
        0.951171875,
        0.94609375,
        0.94921875,
        0.95,
        0.955859375,
        0.9578125,
        0.96171875,
        0.952734375,
        0.957421875,
        0.95703125,
        0.956640625,
        0.96484375,
        0.96015625,
        0.96484375,
        0.962109375,
        0.960546875,
        0.96796875,
        0.962109375,
        0.967578125,
        0.960546875,
        0.97109375,
        0.971484375,
        0.96640625,
        0.96796875,
        0.96796875,
        0.96484375,
        0.964453125,
        0.973828125,
        0.969140625,
        0.973046875,
        0.9765625,
        0.970703125,
        0.971875,
        0.971875,
        0.98046875,
        0.97421875,
        0.96953125,
        0.970703125,
        0.970703125,
        0.977734375,
        0.971875,
        0.9734375,
        0.980078125,
        0.975,
        0.9734375,
        0.973828125,
        0.978125,
        0.978125,
        0.979296875,
        0.98203125,
        0.97890625,
        0.984375,
        0.981640625,
        0.981640625,
        0.976171875
    ],
    "train_loss": [
        0.006943516083993018,
        0.00609274827875197,
        0.005710700270719826,
        0.005304575536865741,
        0.00506630172021687,
        0.005012069130316377,
        0.00480403759283945,
        0.004624497168697417,
        0.0043932228116318585,
        0.0041071895393542945,
        0.004158323584124446,
        0.003931558015756309,
        0.00374766398454085,
        0.003818837652215734,
        0.0036526102689094842,
        0.0035891909035854043,
        0.0034278549486771227,
        0.0031998186314012855,
        0.0031577483576256784,
        0.0030966136429924516,
        0.0029709165217354895,
        0.0028588434390258042,
        0.0029621217574458568,
        0.0025696627970319243,
        0.0024809535942040386,
        0.002610291272867471,
        0.002371417876565829,
        0.002232205751352012,
        0.002205983194289729,
        0.002230150578543544,
        0.0021154133399249988,
        0.002197157242335379,
        0.0021002516499720515,
        0.001976972247939557,
        0.0019100690085906535,
        0.0017377783689880744,
        0.0016753004456404597,
        0.0018630561098689213,
        0.0016864433680893853,
        0.0017962233891012148,
        0.0014663746842416003,
        0.0015006290021119639,
        0.001556111077661626,
        0.0013585254404461012,
        0.001531591109232977,
        0.0013824481487972663,
        0.0013792961894068868,
        0.0013698198483325541,
        0.0012771906142006629,
        0.0012276085471967235,
        0.0011479124630568549,
        0.0011000774800777435,
        0.0011748477307264693,
        0.0010781950055388733,
        0.0011307381864753552,
        0.00108627690206049,
        0.001055165840080008,
        0.001087637827731669,
        0.001041441282723099,
        0.0010633800491632428,
        0.000962264089321252,
        0.0009206465001625475,
        0.001004720971104689,
        0.0009871663147350772,
        0.0010057351202704013,
        0.0008189680695068092,
        0.000731587728660088,
        0.0008875085739418864,
        0.0008800789335509762,
        0.000846065016958164,
        0.0008849476689647418,
        0.0008995034775580279,
        0.0007739729728200473,
        0.0007913816269137896,
        0.0007605727136251516,
        0.0007467480489140143,
        0.000869412645988632,
        0.0007247775611176621,
        0.0007273724346305244,
        0.0005794941251224372,
        0.0006524341442855075,
        0.000855465398490196,
        0.0007507098729547579,
        0.0007164760972955264,
        0.0005988452681776835,
        0.0006903593472088687,
        0.0006970285314309877,
        0.0005738582563935779,
        0.0007318506763112964,
        0.0007383143129118253,
        0.000638912919384893,
        0.0005772960215836065,
        0.0005732836598326685,
        0.0005503078293259023,
        0.0005011003861000063,
        0.0006002263922709972,
        0.0004944807289575693,
        0.00047152206097962336,
        0.0005821088310767663,
        0.0005860952653165441
    ],
    "val_accuracy": [
        0.4875,
        0.60625,
        0.721875,
        0.734375,
        0.73125,
        0.73125,
        0.728125,
        0.7203125,
        0.728125,
        0.7328125,
        0.734375,
        0.7359375,
        0.73125,
        0.7328125,
        0.7328125,
        0.728125,
        0.734375,
        0.725,
        0.728125,
        0.734375,
        0.7328125,
        0.7296875,
        0.728125,
        0.725,
        0.73125,
        0.7296875,
        0.7234375,
        0.7328125,
        0.7234375,
        0.7265625,
        0.728125,
        0.7328125,
        0.7484375,
        0.7328125,
        0.73125,
        0.71875,
        0.7265625,
        0.7328125,
        0.73125,
        0.7359375,
        0.728125,
        0.728125,
        0.728125,
        0.7484375,
        0.725,
        0.7265625,
        0.7296875,
        0.7171875,
        0.7328125,
        0.71875,
        0.7234375,
        0.728125,
        0.734375,
        0.73125,
        0.7359375,
        0.728125,
        0.7328125,
        0.7234375,
        0.725,
        0.715625,
        0.7390625,
        0.725,
        0.7296875,
        0.74375,
        0.734375,
        0.7375,
        0.746875,
        0.746875,
        0.734375,
        0.7265625,
        0.7125,
        0.7375,
        0.7296875,
        0.725,
        0.7390625,
        0.725,
        0.7375,
        0.734375,
        0.7359375,
        0.728125,
        0.7234375,
        0.7296875,
        0.7203125,
        0.7265625,
        0.725,
        0.73125,
        0.734375,
        0.7453125,
        0.73125,
        0.7296875,
        0.740625,
        0.734375,
        0.7296875,
        0.728125,
        0.728125,
        0.73125,
        0.7296875,
        0.7296875,
        0.73125,
        0.7234375
    ],