{
    "model_id": "d43dc90b-3b4d-4da9-a194-4febcb5c637e",
    "train_accuracy": [
        0.561328125,
        0.65703125,
        0.69921875,
        0.7234375,
        0.73515625,
        0.76171875,
        0.776171875,
        0.773046875,
        0.791796875,
        0.79296875,
        0.8203125,
        0.821484375,
        0.8234375,
        0.836328125,
        0.836328125,
        0.841796875,
        0.85,
        0.85625,
        0.866015625,
        0.866015625,
        0.862890625,
        0.87734375,
        0.88203125,
        0.895703125,
        0.887109375,
        0.900390625,
        0.903515625,
        0.905078125,
        0.90859375,
        0.9109375,
        0.908984375,
        0.90625,
        0.92265625,
        0.927734375,
        0.927734375,
        0.923828125,
        0.9234375,
        0.937109375,
        0.93203125,
        0.941015625,
        0.944921875,
        0.941015625,
        0.944140625,
        0.938671875,
        0.9453125,
        0.942578125,
        0.946484375,
        0.953125,
        0.953125,
        0.9578125,
        0.948046875,
        0.955078125,
        0.959375,
        0.952734375,
        0.963671875,
        0.962109375,
        0.962109375,
        0.96171875,
        0.964453125,
        0.962109375,
        0.96953125,
        0.964453125,
        0.9578125,
        0.957421875,
        0.96875,
        0.969140625,
        0.961328125,
        0.971875,
        0.968359375,
        0.96640625,
        0.9609375,
        0.965234375,
        0.973046875,
        0.9765625,
        0.9765625,
        0.974609375,
        0.976171875,
        0.974609375,
        0.9703125,
        0.97578125,
        0.97421875,
        0.977734375,
        0.98046875,
        0.976171875,
        0.982421875,
        0.9796875,
        0.97578125,
        0.9796875,
        0.97265625,
        0.974609375,
        0.98125,
        0.977734375,
        0.98515625,
        0.97890625,
        0.984375,
        0.98046875,
        0.980078125,
        0.980078125,
        0.9796875,
        0.9796875
    ],
    "train_loss": [
        0.007221054565161466,
        0.006246972386725247,
        0.005697492463514209,
        0.005521008081268519,
        0.005290781834628433,
        0.004929849703330547,
        0.0047789982752874495,
        0.004672644822858274,
        0.004496194864623248,
        0.004378466005437076,
        0.004064616875257343,
        0.004012161691207439,
        0.0038065097061917184,
        0.003708805632777512,
        0.0036130896536633373,
        0.003472176822833717,
        0.003439894295297563,
        0.0033497602911666037,
        0.003121938102412969,
        0.003107486973749474,
        0.003049736568937078,
        0.002810131327714771,
        0.0027936303988099096,
        0.0026413562416564675,
        0.00260859812842682,
        0.00254457991104573,
        0.0023609124298673125,
        0.002348036417970434,
        0.002264358545653522,
        0.0021388347784522923,
        0.0021069355600047855,
        0.0021872992103453724,
        0.001998830505181104,
        0.001810666683013551,
        0.0019023492961423472,
        0.0018967785610584543,
        0.0018788899586070329,
        0.001748782448703423,
        0.001672231563134119,
        0.0015710631356341763,
        0.0014526803366607054,
        0.0015609369103913196,
        0.0014524657715810462,
        0.0015753566607600079,
        0.001393668432137929,
        0.001489307574229315,
        0.0013528613839298488,
        0.0013070957182208076,
        0.0013767348893452436,
        0.0012090146105038003,
        0.0012397391037666239,
        0.0011686247933539561,
        0.001099920176784508,
        0.001188253765576519,
        0.0010084745939821006,
        0.0010741368896560743,
        0.001082407134526875,
        0.00098207733099116,
        0.0009510964693618007,
        0.0010365238806116395,
        0.0008160895165929105,
        0.00099123368418077,
        0.001047388447477715,
        0.0010589318859274498,
        0.0008743467624299228,
        0.0008655628393171355,
        0.0009871693109744228,
        0.0008086761372396722,
        0.0007827472814824432,
        0.0009240024039172568,
        0.001061026714160107,
        0.0008661577659950126,
        0.0007423303555697203,
        0.0006802788837376283,
        0.0006992436570726568,
        0.0006797569134505465,
        0.0006842438619059976,
        0.0006888049618282821,
        0.0007332357381528709,
        0.000663844797963975,
        0.0007663785261684097,
        0.0006180245847644983,
        0.0006705337109451648,
        0.000604825925984187,
        0.0004989328801457305,
        0.000555993312082137,
        0.0006883467962325085,
        0.000581867197615793,
        0.0007434840816131327,
        0.0006780543786589988,
        0.0005242013729002792,
        0.0006127765438577626,
        0.0005000168159313035,
        0.000563180659810314,
        0.0005173638170163031,
        0.0005983757953799795,
        0.0005201151725486852,
        0.0005264876501314575,
        0.0005955755961622345,
        0.0005733165031415411
    ],
    "val_accuracy": [
        0.4875,
        0.628125,
        0.7109375,
        0.7140625,
        0.7296875,
        0.728125,
        0.7328125,
        0.7328125,
        0.7265625,
        0.740625,
        0.7421875,
        0.7421875,
        0.73125,
        0.7390625,
        0.725,
        0.7328125,
        0.734375,
        0.7234375,
        0.7359375,
        0.7234375,
        0.7296875,
        0.734375,
        0.740625,
        0.7328125,
        0.721875,
        0.734375,
        0.7328125,
        0.73125,
        0.725,
        0.7203125,
        0.721875,
        0.7171875,
        0.7203125,
        0.715625,
        0.715625,
        0.7140625,
        0.725,
        0.7125,
        0.73125,
        0.7125,
        0.715625,
        0.725,
        0.721875,
        0.7328125,
        0.73125,
        0.71875,
        0.7234375,
        0.7296875,
        0.7265625,
        0.7265625,
        0.709375,
        0.7265625,
        0.728125,
        0.734375,
        0.7328125,
        0.71875,
        0.725,
        0.7125,
        0.7234375,
        0.725,
        0.7109375,
        0.7265625,
        0.7296875,
        0.734375,
        0.7328125,
        0.7234375,
        0.721875,
        0.7171875,
        0.721875,
        0.7265625,
        0.7171875,
        0.721875,
        0.728125,
        0.7296875,
        0.73125,
        0.7296875,
        0.721875,
        0.728125,
        0.721875,
        0.725,
        0.7171875,
        0.7234375,
        0.721875,
        0.7234375,
        0.725,
        0.721875,
        0.728125,
        0.71875,
        0.7125,
        0.715625,
        0.7234375,
        0.7234375,
        0.7234375,
        0.7296875,
        0.7234375,
        0.721875,
        0.715625,
        0.7109375,
        0.721875,
        0.7171875
    ],