{
    "model_id": "177e7e8c-56ec-4c20-83df-c66cd78c7d85",
    "train_accuracy": [
        0.525390625,
        0.5546875,
        0.55703125,
        0.572265625,
        0.57578125,
        0.594921875,
        0.604296875,
        0.631640625,
        0.643359375,
        0.638671875,
        0.65625,
        0.656640625,
        0.663671875,
        0.6625,
        0.6671875,
        0.680859375,
        0.67578125,
        0.68828125,
        0.700390625,
        0.69921875,
        0.7046875,
        0.70234375,
        0.699609375,
        0.7078125,
        0.699609375,
        0.71875,
        0.721484375,
        0.712890625,
        0.71875,
        0.716796875,
        0.723828125,
        0.730859375,
        0.723046875,
        0.727734375,
        0.737890625,
        0.755859375,
        0.742578125,
        0.73203125,
        0.74453125,
        0.73515625,
        0.7515625,
        0.75859375,
        0.748046875,
        0.75703125,
        0.754296875,
        0.76796875,
        0.751953125,
        0.755078125,
        0.753515625,
        0.770703125,
        0.77265625,
        0.765625,
        0.756640625,
        0.76484375,
        0.781640625,
        0.771875,
        0.7765625,
        0.78046875,
        0.786328125,
        0.7765625,
        0.77890625,
        0.78359375,
        0.79296875,
        0.7796875,
        0.788671875,
        0.786328125,
        0.778125,
        0.7828125,
        0.790625,
        0.794140625,
        0.791796875,
        0.78828125,
        0.791796875,
        0.793359375,
        0.796484375,
        0.78984375,
        0.80390625,
        0.8046875,
        0.805859375,
        0.81640625,
        0.8015625,
        0.813671875,
        0.811328125,
        0.8125,
        0.812890625,
        0.80859375,
        0.809765625,
        0.808984375,
        0.812890625,
        0.81171875,
        0.8078125,
        0.825,
        0.812109375,
        0.81796875,
        0.8109375,
        0.816796875,
        0.81796875,
        0.826171875,
        0.829296875,
        0.81953125
    ],
    "train_loss": [
        0.007589245378039777,
        0.007315380778163671,
        0.007202093861997128,
        0.007057662843726576,
        0.006982961413450539,
        0.0069075073581188915,
        0.0067720657447353,
        0.0066046678926795725,
        0.0065516090719029306,
        0.006425458984449506,
        0.006191679579205811,
        0.006212770682759583,
        0.0062793604331091045,
        0.0062145693227648735,
        0.0061627754243090745,
        0.006020434410311281,
        0.006047587678767741,
        0.00594303214456886,
        0.005858111893758178,
        0.005766247783321887,
        0.005745832179673016,
        0.005792534444481134,
        0.005719823774416,
        0.0057125499472022055,
        0.005669055343605578,
        0.005580830271355808,
        0.0055672168615274135,
        0.005645990557968617,
        0.0054943129187449815,
        0.005512040760368109,
        0.005520060483831912,
        0.0054580105817876754,
        0.0054088067030534145,
        0.005379429378081113,
        0.005296094319783151,
        0.005213246680796146,
        0.0052038518944755195,
        0.005280836834572256,
        0.00524712324840948,
        0.005300184641964733,
        0.005098412279039621,
        0.005039708153344691,
        0.0051524096867069605,
        0.0050959701649844645,
        0.005106259987223893,
        0.004945565725211054,
        0.005011540988925844,
        0.004944253189023584,
        0.005024534254334867,
        0.004863797780126333,
        0.004827123042196036,
        0.004843522643204779,
        0.004919912840705365,
        0.004873952514026314,
        0.0047241811756975945,
        0.004785256693139672,
        0.0047202593996189535,
        0.004670414526481181,
        0.004671334312297404,
        0.00469812962692231,
        0.0046226487378589805,
        0.004657246964052319,
        0.0045665106852538885,
        0.0046292657847516235,
        0.004538187733851373,
        0.004610364860855043,
        0.00462890095077455,
        0.004528148134704679,
        0.0045358228730037805,
        0.004508784937206656,
        0.0044125757063739005,
        0.00451730964705348,
        0.004470033582765609,
        0.004427321255207062,
        0.0043797237565740945,
        0.0044414404430426655,
        0.004305006854701787,
        0.004340393433813006,
        0.004245828813873231,
        0.004161655541975051,
        0.004212705418467522,
        0.004139160958584398,
        0.0042263788054697216,
        0.004132691759150475,
        0.00408549471758306,
        0.004050934768747539,
        0.004082374018616974,
        0.004153630789369344,
        0.0040828445693477985,
        0.004177612147759646,
        0.004127567401155829,
        0.003951388515997678,
        0.004080328217241913,
        0.00409973815549165,
        0.004074873018544168,
        0.003980823780875653,
        0.003878250764682889,
        0.0038158567040227354,
        0.0038384244544431567,
        0.003968495898880065
    ],
    "val_accuracy": [
        0.4875,
        0.55625,
        0.6046875,
        0.6203125,
        0.634375,
        0.634375,
        0.65625,
        0.6578125,
        0.665625,
        0.665625,
        0.678125,
        0.6765625,
        0.6875,
        0.6828125,
        0.690625,
        0.69375,
        0.7015625,
        0.7046875,
        0.70625,
        0.715625,
        0.715625,
        0.7125,
        0.7234375,
        0.7203125,
        0.721875,
        0.7296875,
        0.728125,
        0.7265625,
        0.725,
        0.728125,
        0.728125,
        0.7296875,
        0.7265625,
        0.71875,
        0.728125,
        0.7234375,
        0.725,
        0.728125,
        0.7265625,
        0.721875,
        0.721875,
        0.725,
        0.73125,
        0.7234375,
        0.728125,
        0.725,
        0.7203125,
        0.7265625,
        0.7171875,
        0.7296875,
        0.728125,
        0.728125,
        0.7265625,
        0.7296875,
        0.725,
        0.7203125,
        0.71875,
        0.721875,
        0.7265625,
        0.7296875,
        0.7296875,
        0.73125,
        0.728125,
        0.7296875,
        0.7375,
        0.734375,
        0.7359375,
        0.7328125,
        0.7328125,
        0.734375,
        0.7359375,
        0.7328125,
        0.7328125,
        0.725,
        0.7375,
        0.7359375,
        0.734375,
        0.7359375,
        0.721875,
        0.7375,
        0.7390625,
        0.73125,
        0.734375,
        0.7296875,
        0.73125,
        0.7328125,
        0.7296875,
        0.7296875,
        0.728125,
        0.73125,
        0.7296875,
        0.73125,
        0.725,
        0.728125,
        0.73125,
        0.7328125,
        0.728125,
        0.728125,
        0.728125,
        0.7265625
    ],