{
    "model_id": "b3195fb4-13c1-4445-8ea5-8786d6193062",
    "train_accuracy": [
        0.5765625,
        0.66796875,
        0.70625,
        0.728515625,
        0.74453125,
        0.766015625,
        0.774609375,
        0.788671875,
        0.79140625,
        0.794140625,
        0.805078125,
        0.815234375,
        0.8328125,
        0.829296875,
        0.8390625,
        0.84296875,
        0.84921875,
        0.847265625,
        0.8515625,
        0.864453125,
        0.873046875,
        0.868359375,
        0.875,
        0.88046875,
        0.890625,
        0.883984375,
        0.8890625,
        0.891796875,
        0.908984375,
        0.909375,
        0.90859375,
        0.91015625,
        0.913671875,
        0.917578125,
        0.936328125,
        0.92421875,
        0.923046875,
        0.9265625,
        0.93125,
        0.92734375,
        0.933203125,
        0.928515625,
        0.93984375,
        0.9453125,
        0.94296875,
        0.944140625,
        0.948828125,
        0.948046875,
        0.9453125,
        0.958203125,
        0.95546875,
        0.953125,
        0.955859375,
        0.9578125,
        0.95078125,
        0.954296875,
        0.949609375,
        0.96484375,
        0.954296875,
        0.957421875,
        0.9578125,
        0.955859375,
        0.959765625,
        0.955859375,
        0.96328125,
        0.96484375,
        0.971875,
        0.96796875,
        0.965625,
        0.965625,
        0.962890625,
        0.966015625,
        0.968359375,
        0.9671875,
        0.969921875,
        0.97109375,
        0.970703125,
        0.97421875,
        0.97734375,
        0.977734375,
        0.9734375,
        0.973046875,
        0.971484375,
        0.973046875,
        0.9765625,
        0.973046875,
        0.970703125,
        0.97734375,
        0.971484375,
        0.978515625,
        0.974609375,
        0.975390625,
        0.9765625,
        0.980078125,
        0.98359375,
        0.980859375,
        0.979296875,
        0.980859375,
        0.978515625,
        0.98515625
    ],
    "train_loss": [
        0.005896287551149726,
        0.00528018232434988,
        0.0049216018058359625,
        0.004592682770453394,
        0.004469175892882049,
        0.004214139690157026,
        0.004076690319925547,
        0.0039173320168629285,
        0.003851494414266199,
        0.0036426153499633076,
        0.0035291095962747933,
        0.0034573607495985924,
        0.0031952143530361355,
        0.003206780063919723,
        0.0031134707969613373,
        0.003046825504861772,
        0.0029484965139999985,
        0.002898745512356982,
        0.002785274386405945,
        0.0028435622050892563,
        0.002595240843947977,
        0.002593227959005162,
        0.0025025714945513754,
        0.00241296676103957,
        0.0022805745480582117,
        0.0023086832952685654,
        0.0022330786858219655,
        0.002219604793936014,
        0.0019933703413698824,
        0.0019607311696745455,
        0.0018705538648646324,
        0.0018652315076906234,
        0.0017155694251414389,
        0.0016930296871578321,
        0.0016590801475103944,
        0.0017041908984538167,
        0.0015776438405737281,
        0.0016115730919409542,
        0.0014759143232367933,
        0.00153981763869524,
        0.0013754681334830821,
        0.0014853312342893333,
        0.0013335714960703627,
        0.0012642220041016116,
        0.0012964397756149992,
        0.0011924675753107294,
        0.001192031751270406,
        0.0012427085923263804,
        0.001240562106249854,
        0.0009578948534908705,
        0.0010390213719801977,
        0.0010542691830778494,
        0.001024952923762612,
        0.0010219884439720771,
        0.0010846706019947306,
        0.0010073946788907052,
        0.001037685754999984,
        0.0009840484723099507,
        0.0009485743110417388,
        0.001025546627352014,
        0.0009672592786955647,
        0.0009659759438363835,
        0.0009000571197248064,
        0.0009835631324676796,
        0.000747047003096668,
        0.0007968677891767584,
        0.0006615507896640338,
        0.0007396609515126328,
        0.0008299929744680412,
        0.0007837145421945024,
        0.0009603012644220143,
        0.0007730262543191202,
        0.0007981567207025364,
        0.0008320387001731433,
        0.0008311406694701873,
        0.0007473143079550937,
        0.0007035387316136621,
        0.0006228060847206507,
        0.0005157392202818301,
        0.0005287757114274428,
        0.0006664879998425022,
        0.0006094130556448362,
        0.0007115937827620655,
        0.0006227799414773472,
        0.0006086592897190712,
        0.0005983615883451421,
        0.0006398689547495451,
        0.0005022987730626483,
        0.0006237793415493798,
        0.0005469982374052051,
        0.0007149522731197067,
        0.0006053802913811524,
        0.0005543905594095122,
        0.0005167578026885166,
        0.00044340412496239877,
        0.0005537273005757015,
        0.0005301953166053863,
        0.0004645509288820904,
        0.0005030293112213257,
        0.0004078478279552655
    ],
    "val_accuracy": [
        0.4859375,
        0.5421875,
        0.6890625,
        0.7140625,
        0.7234375,
        0.728125,
        0.7203125,
        0.7421875,
        0.74375,
        0.7390625,
        0.7375,
        0.740625,
        0.7390625,
        0.734375,
        0.74375,
        0.7328125,
        0.7328125,
        0.7265625,
        0.734375,
        0.7359375,
        0.73125,
        0.7265625,
        0.725,
        0.721875,
        0.73125,
        0.7234375,
        0.7140625,
        0.73125,
        0.728125,
        0.725,
        0.7328125,
        0.725,
        0.7328125,
        0.7265625,
        0.7296875,
        0.734375,
        0.7296875,
        0.746875,
        0.728125,
        0.7375,
        0.734375,
        0.7234375,
        0.7328125,
        0.740625,
        0.7203125,
        0.734375,
        0.7359375,
        0.71875,
        0.7375,
        0.7390625,
        0.73125,
        0.7109375,
        0.721875,
        0.734375,
        0.73125,
        0.7234375,
        0.728125,
        0.734375,
        0.73125,
        0.7375,
        0.740625,
        0.7171875,
        0.7296875,
        0.7234375,
        0.7234375,
        0.7203125,
        0.728125,
        0.71875,
        0.73125,
        0.7296875,
        0.728125,
        0.715625,
        0.725,
        0.7140625,
        0.73125,
        0.7125,
        0.7125,
        0.7234375,
        0.7171875,
        0.7171875,
        0.728125,
        0.7203125,
        0.725,
        0.7296875,
        0.7265625,
        0.71875,
        0.73125,
        0.7390625,
        0.7265625,
        0.73125,
        0.7359375,
        0.734375,
        0.728125,
        0.725,
        0.728125,
        0.73125,
        0.725,
        0.71875,
        0.71875,
        0.7375
    ],