{
    "model_id": "7e48c2fb-4697-4853-a4b0-bcba7d1010fb",
    "train_accuracy": [
        0.48203125,
        0.47578125,
        0.496875,
        0.4875,
        0.511328125,
        0.5171875,
        0.515625,
        0.5171875,
        0.51640625,
        0.5265625,
        0.53828125,
        0.528515625,
        0.530859375,
        0.5453125,
        0.53125,
        0.536328125,
        0.553125,
        0.5609375,
        0.569140625,
        0.574609375,
        0.559765625,
        0.5765625,
        0.576953125,
        0.59140625,
        0.589453125,
        0.58359375,
        0.61328125,
        0.606640625,
        0.587890625,
        0.5921875,
        0.608984375,
        0.620703125,
        0.594921875,
        0.61171875,
        0.616796875,
        0.6140625,
        0.623046875,
        0.625390625,
        0.63515625,
        0.626171875,
        0.6375,
        0.625,
        0.631640625,
        0.650390625,
        0.6453125,
        0.652734375,
        0.646875,
        0.648828125,
        0.65390625,
        0.651953125,
        0.648828125,
        0.643359375,
        0.658203125,
        0.651171875,
        0.6484375,
        0.6671875,
        0.666796875,
        0.666015625,
        0.662109375,
        0.65390625,
        0.68125,
        0.65078125,
        0.673046875,
        0.6703125,
        0.6671875,
        0.684375,
        0.6890625,
        0.67890625,
        0.68515625,
        0.678125,
        0.68828125,
        0.672265625,
        0.67734375,
        0.682421875,
        0.684765625,
        0.69453125,
        0.678515625,
        0.68515625,
        0.691015625,
        0.689453125,
        0.69296875,
        0.678125,
        0.68828125,
        0.677734375,
        0.6859375,
        0.69296875,
        0.701953125,
        0.691796875,
        0.69453125,
        0.712109375,
        0.706640625,
        0.69765625,
        0.69453125,
        0.699609375,
        0.691796875,
        0.71328125,
        0.710546875,
        0.704296875,
        0.694921875,
        0.71484375
    ],
    "train_loss": [
        0.007819880777969957,
        0.007949475548230112,
        0.007902722363360227,
        0.007774255098775029,
        0.007618835056200623,
        0.00759209580719471,
        0.007623836048878729,
        0.007524115778505802,
        0.00743214909452945,
        0.007425830396823585,
        0.007309337100014091,
        0.007350055081769824,
        0.007419826369732619,
        0.007314593065530062,
        0.007351850578561425,
        0.007285600923933089,
        0.007172121643088758,
        0.007146786735393107,
        0.007112331036478281,
        0.007078326912596822,
        0.00715400914195925,
        0.00703553045168519,
        0.006893052184022963,
        0.006927147810347378,
        0.006809358997270465,
        0.006863672914914787,
        0.006648936914280057,
        0.006771324435248971,
        0.0068684699013829235,
        0.006813262053765356,
        0.006772146932780743,
        0.006730930716730654,
        0.006821903795935213,
        0.006681356648914516,
        0.006661118031479419,
        0.0066654767841100694,
        0.0065393132157623764,
        0.006577567616477609,
        0.006503907428123057,
        0.006560573028400541,
        0.00652383123524487,
        0.006448688986711204,
        0.006511665903963149,
        0.006414302089251578,
        0.006308375135995447,
        0.006343731191009283,
        0.006376795074902475,
        0.00627160663716495,
        0.006327921501360833,
        0.0062855256255716085,
        0.006303323735482991,
        0.006253580213524401,
        0.006227919016964734,
        0.0064846895635128025,
        0.006375320767983794,
        0.006202811002731323,
        0.006259730295278132,
        0.006214513420127332,
        0.006176989432424307,
        0.0062026689294725655,
        0.00616130749695003,
        0.006247947341762483,
        0.006211776216514408,
        0.006156640918925404,
        0.0061505172168836,
        0.006034206529147923,
        0.005920338002033532,
        0.006095693772658705,
        0.006073417374864221,
        0.006130823714192957,
        0.005998258851468563,
        0.006094019836746156,
        0.0059792153304442765,
        0.005933962622657418,
        0.005972614209167659,
        0.00596242023166269,
        0.0059833645238541065,
        0.0059883337817154825,
        0.005967803718522191,
        0.005929817445576191,
        0.0059348665410652755,
        0.005950479325838387,
        0.00591773446649313,
        0.005904217029456049,
        0.0059514552936889235,
        0.005935486266389489,
        0.005795172229409218,
        0.005891061364673078,
        0.005903759365901351,
        0.0057133717113174495,
        0.00578622417524457,
        0.0057429526001214985,
        0.005789698916487396,
        0.005968280776869506,
        0.0058248827001079915,
        0.005710886360611766,
        0.0057576274499297145,
        0.005724774627014995,
        0.005821275769267231,
        0.005666976980865002
    ],
    "val_accuracy": [
        0.5171875,
        0.5015625,
        0.471875,
        0.4828125,
        0.4984375,
        0.5046875,
        0.515625,
        0.5109375,
        0.528125,
        0.5296875,
        0.5453125,
        0.54375,
        0.553125,
        0.5578125,
        0.58125,
        0.590625,
        0.5953125,
        0.5953125,
        0.603125,
        0.603125,
        0.609375,
        0.615625,
        0.625,
        0.621875,
        0.6296875,
        0.6359375,
        0.6328125,
        0.63125,
        0.634375,
        0.6390625,
        0.634375,
        0.6390625,
        0.6328125,
        0.6421875,
        0.64375,
        0.64375,
        0.6484375,
        0.65,
        0.6484375,
        0.6484375,
        0.653125,
        0.6515625,
        0.659375,
        0.6578125,
        0.6609375,
        0.6625,
        0.6640625,
        0.6703125,
        0.6765625,
        0.66875,
        0.678125,
        0.6796875,
        0.675,
        0.6765625,
        0.6765625,
        0.6765625,
        0.6765625,
        0.678125,
        0.678125,
        0.684375,
        0.675,
        0.6859375,
        0.684375,
        0.68125,
        0.6734375,
        0.678125,
        0.678125,
        0.68125,
        0.6796875,
        0.6859375,
        0.6859375,
        0.6828125,
        0.6828125,
        0.6828125,
        0.678125,
        0.684375,
        0.6890625,
        0.6828125,
        0.68125,
        0.6796875,
        0.684375,
        0.68125,
        0.69375,
        0.6828125,
        0.6875,
        0.690625,
        0.6859375,
        0.6890625,
        0.6890625,
        0.6921875,
        0.6875,
        0.6921875,
        0.6890625,
        0.6921875,
        0.6890625,
        0.6921875,
        0.6890625,
        0.69375,
        0.6890625,
        0.69375
    ],