{
    "model_id": "0219a4f8-265f-4600-afcd-f1a58401beea",
    "train_accuracy": [
        0.554296875,
        0.635546875,
        0.68046875,
        0.71171875,
        0.71953125,
        0.740234375,
        0.74765625,
        0.75625,
        0.76875,
        0.787109375,
        0.798046875,
        0.80625,
        0.81640625,
        0.826953125,
        0.834375,
        0.841796875,
        0.849609375,
        0.8625,
        0.85234375,
        0.862109375,
        0.86953125,
        0.875390625,
        0.8796875,
        0.881640625,
        0.8953125,
        0.8984375,
        0.891796875,
        0.901171875,
        0.899609375,
        0.922265625,
        0.91640625,
        0.917578125,
        0.922265625,
        0.924609375,
        0.914453125,
        0.935546875,
        0.9328125,
        0.936328125,
        0.9359375,
        0.939453125,
        0.944140625,
        0.942578125,
        0.945703125,
        0.945703125,
        0.956640625,
        0.9546875,
        0.94609375,
        0.94765625,
        0.952734375,
        0.950390625,
        0.954296875,
        0.95078125,
        0.957421875,
        0.96015625,
        0.96640625,
        0.95625,
        0.963671875,
        0.965625,
        0.961328125,
        0.96484375,
        0.96875,
        0.96875,
        0.96484375,
        0.966796875,
        0.962109375,
        0.975,
        0.96875,
        0.966796875,
        0.975,
        0.971875,
        0.971875,
        0.96328125,
        0.9734375,
        0.97734375,
        0.966015625,
        0.96953125,
        0.976953125,
        0.975,
        0.976953125,
        0.978515625,
        0.97421875,
        0.979296875,
        0.98359375,
        0.982421875,
        0.98203125,
        0.983203125,
        0.981640625,
        0.976953125,
        0.977734375,
        0.980078125,
        0.98125,
        0.983203125,
        0.975,
        0.9828125,
        0.9796875,
        0.979296875,
        0.983203125,
        0.980859375,
        0.9796875,
        0.983984375
    ],
    "train_loss": [
        0.007191506610251963,
        0.006561773479916155,
        0.006124838697724044,
        0.005734472046606242,
        0.005548635520972312,
        0.005309455469250679,
        0.005237893585581332,
        0.00498865160625428,
        0.004905892384704203,
        0.0046081701293587685,
        0.004499384283553809,
        0.004287036543246359,
        0.004176388680934906,
        0.004062731366138906,
        0.0038241012254729865,
        0.0037187433452345433,
        0.003570187755394727,
        0.0033832339744549246,
        0.0034654083428904414,
        0.0033188268891535698,
        0.0031424948421772568,
        0.003083005076041445,
        0.0029531160660553725,
        0.0028303698811214415,
        0.002715088630793616,
        0.0025118539808318017,
        0.002518122090259567,
        0.0024153028032742442,
        0.0025018933578394354,
        0.002100427815457806,
        0.0021360311657190323,
        0.0020282135577872396,
        0.0019696939387358727,
        0.0019435613125097007,
        0.002080374944489449,
        0.0017377415962982923,
        0.0017857242200989276,
        0.001655178877990693,
        0.0016722941771149635,
        0.0016406801441917196,
        0.0014924606191925704,
        0.0015140994801186025,
        0.001368237630231306,
        0.0014318517554784195,
        0.0011944426456466316,
        0.0012758614844642579,
        0.0014099156920565291,
        0.001286891738709528,
        0.0012735387470456771,
        0.0012547940379590728,
        0.0011731496284483,
        0.0013641414290759713,
        0.001251836474693846,
        0.0010714696880313567,
        0.0009621785473427735,
        0.0011059300362830982,
        0.0009342281322460621,
        0.001097590809513349,
        0.0010901407702476717,
        0.0009219514860888012,
        0.0008780898104305379,
        0.0008864107745466754,
        0.0009256866032956168,
        0.0009714768442790955,
        0.0009723962532007136,
        0.0007531403534812853,
        0.0007650249775906559,
        0.0008515077955962624,
        0.0007623162971867714,
        0.000741001169080846,
        0.0007745321418042295,
        0.0009167594296741299,
        0.0007467418814485427,
        0.0006596361388801597,
        0.0008063892113568727,
        0.0007760585111100226,
        0.0007096046268998179,
        0.0006987292566918768,
        0.0005868180727702565,
        0.0005861024590558372,
        0.0006931346651981585,
        0.0006526025194034446,
        0.0005054917648521951,
        0.0005160556371265557,
        0.0005417655083874706,
        0.0004832281087146839,
        0.0006420610810891958,
        0.0005980704267130932,
        0.0006418886601750273,
        0.0005436697250843281,
        0.0005692138445738237,
        0.0005631286236166489,
        0.0007094911186868557,
        0.0005295461374771549,
        0.0005515940662007779,
        0.0005454887199448421,
        0.0005175456451979698,
        0.0005226554265391314,
        0.0005960101418168052,
        0.0004341632851719623
    ],
    "val_accuracy": [
        0.584375,
        0.6640625,
        0.6703125,
        0.68125,
        0.6921875,
        0.7046875,
        0.703125,
        0.703125,
        0.6984375,
        0.7015625,
        0.6828125,
        0.678125,
        0.6953125,
        0.7125,
        0.7015625,
        0.69375,
        0.70625,
        0.70625,
        0.70625,
        0.696875,
        0.703125,
        0.6984375,
        0.6828125,
        0.7234375,
        0.7,
        0.6921875,
        0.709375,
        0.696875,
        0.7125,
        0.7234375,
        0.7078125,
        0.696875,
        0.7140625,
        0.690625,
        0.70625,
        0.690625,
        0.7,
        0.7140625,
        0.6953125,
        0.7140625,
        0.703125,
        0.66875,
        0.7125,
        0.6875,
        0.7046875,
        0.7171875,
        0.7125,
        0.721875,
        0.715625,
        0.7078125,
        0.6796875,
        0.6984375,
        0.7078125,
        0.725,
        0.7109375,
        0.7203125,
        0.7046875,
        0.5875,
        0.725,
        0.7171875,
        0.71875,
        0.721875,
        0.6875,
        0.671875,
        0.7171875,
        0.7203125,
        0.6921875,
        0.7015625,
        0.7078125,
        0.7078125,
        0.7234375,
        0.6953125,
        0.7125,
        0.6984375,
        0.715625,
        0.70625,
        0.6984375,
        0.703125,
        0.715625,
        0.7078125,
        0.7109375,
        0.709375,
        0.7171875,
        0.725,
        0.725,
        0.6859375,
        0.7171875,
        0.68125,
        0.7078125,
        0.6984375,
        0.684375,
        0.690625,
        0.7140625,
        0.715625,
        0.7078125,
        0.7203125,
        0.7265625,
        0.6984375,
        0.7109375,
        0.6765625
    ],