{
    "model_id": "139bb5ff-1e59-48a5-a46b-640fc6271d4c",
    "train_accuracy": [
        0.637109375,
        0.732421875,
        0.762109375,
        0.79453125,
        0.813671875,
        0.833984375,
        0.846875,
        0.860546875,
        0.869921875,
        0.89375,
        0.8890625,
        0.902734375,
        0.922265625,
        0.919921875,
        0.929296875,
        0.941796875,
        0.942578125,
        0.951171875,
        0.953515625,
        0.952734375,
        0.96171875,
        0.9625,
        0.96640625,
        0.969140625,
        0.969921875,
        0.972265625,
        0.972265625,
        0.975390625,
        0.97578125,
        0.976953125,
        0.975390625,
        0.973046875,
        0.974609375,
        0.97578125,
        0.978125,
        0.979296875,
        0.981640625,
        0.984765625,
        0.9828125,
        0.98125,
        0.977734375,
        0.988671875,
        0.98515625,
        0.987109375,
        0.984375,
        0.9859375,
        0.989453125,
        0.98828125,
        0.991796875,
        0.988671875,
        0.9890625,
        0.989453125,
        0.987109375,
        0.994140625,
        0.98828125,
        0.987890625,
        0.985546875,
        0.98828125,
        0.989453125,
        0.98828125,
        0.990625,
        0.990234375,
        0.9875,
        0.990625,
        0.9890625,
        0.989453125,
        0.98984375,
        0.99296875,
        0.992578125,
        0.98828125,
        0.988671875,
        0.990625,
        0.984375,
        0.9921875,
        0.992578125,
        0.9890625,
        0.990625,
        0.990625,
        0.9953125,
        0.990625,
        0.990625,
        0.99296875,
        0.994140625,
        0.991796875,
        0.99375,
        0.989453125,
        0.991015625,
        0.991015625,
        0.99140625,
        0.98984375,
        0.99140625,
        0.991015625,
        0.99453125,
        0.99453125,
        0.993359375,
        0.991015625,
        0.99296875,
        0.996484375,
        0.995703125,
        0.995703125
    ],
    "train_loss": [
        0.006452323729172349,
        0.005357824440579861,
        0.004886112106032669,
        0.00445123267127201,
        0.0041349348844960335,
        0.0038658613339066505,
        0.0035357093205675484,
        0.003212160908151418,
        0.0030966523045208305,
        0.0026947265374474227,
        0.002606623328756541,
        0.0024010605353396385,
        0.0020555656927172096,
        0.002022529405076057,
        0.0018345441290875896,
        0.0016478596691740677,
        0.0015387531806482003,
        0.0014137869438854977,
        0.0012628504511667416,
        0.0012318198248976841,
        0.0011580188380321487,
        0.0010869309859117492,
        0.0010331488214433194,
        0.000938229680468794,
        0.0008253722451627254,
        0.0008012447331566363,
        0.0008311174038681202,
        0.0007339613490330521,
        0.0007227021400467492,
        0.0006815389686380513,
        0.0007108351324859541,
        0.0007519057238823734,
        0.0007441478614055086,
        0.000635894067818299,
        0.0005654757871525363,
        0.0005680469519575126,
        0.0004869276992394589,
        0.00047885561652947215,
        0.0005604543119261507,
        0.0005292629426548956,
        0.0005638491616991814,
        0.00041433688784309197,
        0.0005058035148977069,
        0.0004052799780765781,
        0.0004750426989630796,
        0.0003850630469969474,
        0.0003529160010657506,
        0.00038393899812945166,
        0.00033823996636783704,
        0.0003274175211117836,
        0.00029982968480908313,
        0.00031931386984069833,
        0.0003587932438676944,
        0.00025723236740304856,
        0.00029506902501452714,
        0.0003550055174855515,
        0.0003763873892239644,
        0.000397014169357135,
        0.0003184821798640769,
        0.00037791667291457997,
        0.00026310110424674347,
        0.00029800461034028557,
        0.0003775019400563906,
        0.00027714452298823746,
        0.0002807592591125285,
        0.0002828036243954557,
        0.0002804161658787052,
        0.00022706437712258776,
        0.00024279346757793974,
        0.00033936577956410473,
        0.00032142878271770316,
        0.00024934524126365434,
        0.0003345514356624335,
        0.00021754261124442564,
        0.00023052686829032608,
        0.0003155801314733253,
        0.00026439906869200056,
        0.00025855953190330184,
        0.00016723806329537182,
        0.00023731919754936824,
        0.00022325815043586772,
        0.00017914220802595082,
        0.00018722399772741483,
        0.0002397912992819329,
        0.0002058005199614854,
        0.00035158744326508896,
        0.00025254073589167094,
        0.0002660850714164553,
        0.00023941480758367107,
        0.0002782797019790451,
        0.0002984295439546258,
        0.00021757812878604456,
        0.00019698306305144798,
        0.00019361798449608615,
        0.0002454486067563266,
        0.00029112385836924657,
        0.00019634821292129344,
        0.0001612555020074069,
        0.00018580807864054805,
        0.00014795587208027428
    ],
    "val_accuracy": [
        0.4859375,
        0.6046875,
        0.73125,
        0.734375,
        0.734375,
        0.7453125,
        0.7390625,
        0.746875,
        0.7390625,
        0.7328125,
        0.734375,
        0.7453125,
        0.73125,
        0.7234375,
        0.7296875,
        0.7265625,
        0.7359375,
        0.73125,
        0.740625,
        0.7328125,
        0.7359375,
        0.721875,
        0.7234375,
        0.7203125,
        0.725,
        0.7328125,
        0.725,
        0.7328125,
        0.7171875,
        0.7375,
        0.7234375,
        0.7375,
        0.7390625,
        0.734375,
        0.7328125,
        0.7390625,
        0.728125,
        0.7234375,
        0.734375,
        0.7375,
        0.734375,
        0.7296875,
        0.746875,
        0.73125,
        0.7171875,
        0.7421875,
        0.728125,
        0.734375,
        0.7453125,
        0.7359375,
        0.7296875,
        0.728125,
        0.71875,
        0.734375,
        0.7421875,
        0.73125,
        0.7421875,
        0.7390625,
        0.740625,
        0.740625,
        0.740625,
        0.74375,
        0.7453125,
        0.728125,
        0.7328125,
        0.740625,
        0.7296875,
        0.721875,
        0.73125,
        0.7359375,
        0.73125,
        0.7328125,
        0.7265625,
        0.7328125,
        0.7390625,
        0.7359375,
        0.7375,
        0.74375,
        0.73125,
        0.7359375,
        0.75,
        0.734375,
        0.734375,
        0.740625,
        0.740625,
        0.7359375,
        0.728125,
        0.7328125,
        0.7328125,
        0.725,
        0.740625,
        0.740625,
        0.7359375,
        0.7328125,
        0.7390625,
        0.73125,
        0.7359375,
        0.734375,
        0.728125,
        0.7359375
    ],