{
    "model_id": "960c577c-4184-4daf-a8f9-6a0643c7d14a",
    "train_accuracy": [
        0.50234375,
        0.518359375,
        0.53515625,
        0.53671875,
        0.59140625,
        0.590234375,
        0.597265625,
        0.61953125,
        0.6296875,
        0.629296875,
        0.644140625,
        0.64609375,
        0.658203125,
        0.673828125,
        0.671484375,
        0.666015625,
        0.68515625,
        0.693359375,
        0.69609375,
        0.69140625,
        0.69453125,
        0.715625,
        0.710546875,
        0.722265625,
        0.7171875,
        0.7109375,
        0.7234375,
        0.715234375,
        0.72109375,
        0.734765625,
        0.73515625,
        0.73203125,
        0.7453125,
        0.746484375,
        0.739453125,
        0.73671875,
        0.75625,
        0.74453125,
        0.75390625,
        0.7546875,
        0.746875,
        0.755078125,
        0.754296875,
        0.757421875,
        0.757421875,
        0.76796875,
        0.766796875,
        0.75625,
        0.765234375,
        0.769140625,
        0.775,
        0.776953125,
        0.778515625,
        0.78046875,
        0.771875,
        0.76484375,
        0.78046875,
        0.778125,
        0.782421875,
        0.782421875,
        0.794140625,
        0.78359375,
        0.7828125,
        0.789453125,
        0.790234375,
        0.795703125,
        0.795703125,
        0.8,
        0.7984375,
        0.798828125,
        0.798046875,
        0.79609375,
        0.803515625,
        0.800390625,
        0.80078125,
        0.80859375,
        0.8,
        0.797265625,
        0.807421875,
        0.804296875,
        0.818359375,
        0.81328125,
        0.81328125,
        0.803515625,
        0.808203125,
        0.813671875,
        0.8078125,
        0.817578125,
        0.81484375,
        0.81171875,
        0.814453125,
        0.8171875,
        0.821484375,
        0.816796875,
        0.825,
        0.816015625,
        0.82265625,
        0.818359375,
        0.833984375,
        0.82890625
    ],
    "train_loss": [
        0.007688249205239117,
        0.007540599955245852,
        0.007312215934507549,
        0.00729374352376908,
        0.006944545172154903,
        0.00689405130688101,
        0.006840598536655307,
        0.006658380129374563,
        0.006525951670482755,
        0.006517680338583886,
        0.00641325896140188,
        0.006419183174148202,
        0.00629837999586016,
        0.006059088325127959,
        0.006116186454892159,
        0.006104543525725603,
        0.006054472061805427,
        0.00592728853225708,
        0.005884179729036987,
        0.005863748991396278,
        0.005797491339035332,
        0.0056833140552043915,
        0.005698154540732503,
        0.00560286691179499,
        0.0056113458005711435,
        0.005630650301463902,
        0.005517592967953533,
        0.005622301832772791,
        0.005538595432881266,
        0.005374076846055687,
        0.005341938347555697,
        0.005344897403847426,
        0.005314590781927109,
        0.005272538785357028,
        0.0052193694049492475,
        0.005275863851420581,
        0.005130736157298088,
        0.005149826779961586,
        0.005155486112926155,
        0.005112220591399819,
        0.005184795917011797,
        0.0050196376163512465,
        0.005137089896015823,
        0.005013756069820375,
        0.0050598748726770285,
        0.00493971259566024,
        0.004914783698040992,
        0.005009817506652326,
        0.00491305401083082,
        0.004940942872781307,
        0.004759452340658754,
        0.004829921165946871,
        0.0047822579857893285,
        0.004727085412014276,
        0.004815222113393247,
        0.0047547378111630675,
        0.004672641668003052,
        0.004695384437218309,
        0.004674928868189454,
        0.004658684495370835,
        0.004543390404433012,
        0.004702955123502761,
        0.004550690820906311,
        0.004596848506480455,
        0.004540374421048909,
        0.004448350425809622,
        0.004505600873380899,
        0.004439419251866639,
        0.004391658201348037,
        0.004442273720633239,
        0.004378009552601725,
        0.004354364168830216,
        0.004338423209264875,
        0.0043173969374038276,
        0.004278073599562049,
        0.004200492950621993,
        0.004337617929559201,
        0.00431600830052048,
        0.004306876589544118,
        0.004257949383463711,
        0.0040520451497286555,
        0.004197463777381926,
        0.004127617180347443,
        0.004161535471212119,
        0.004128814872819931,
        0.004147141601424664,
        0.004131262353621423,
        0.004081111389677971,
        0.00403243099572137,
        0.004004706791602075,
        0.004002162034157664,
        0.004131436010356993,
        0.003992358932737261,
        0.004010877793189138,
        0.003887353977188468,
        0.003937319002579898,
        0.00391077168751508,
        0.0038437650771811606,
        0.0038310404750518503,
        0.0038967781118117275
    ],
    "val_accuracy": [
        0.5171875,
        0.53125,
        0.596875,
        0.6171875,
        0.634375,
        0.6453125,
        0.65625,
        0.665625,
        0.6671875,
        0.6734375,
        0.6828125,
        0.69375,
        0.6984375,
        0.7109375,
        0.709375,
        0.715625,
        0.7171875,
        0.71875,
        0.721875,
        0.725,
        0.7265625,
        0.728125,
        0.725,
        0.7296875,
        0.7328125,
        0.73125,
        0.7328125,
        0.7328125,
        0.734375,
        0.734375,
        0.7375,
        0.740625,
        0.734375,
        0.74375,
        0.7375,
        0.7375,
        0.7421875,
        0.7421875,
        0.7484375,
        0.746875,
        0.7546875,
        0.7515625,
        0.7515625,
        0.759375,
        0.7546875,
        0.7546875,
        0.75625,
        0.759375,
        0.759375,
        0.7625,
        0.7546875,
        0.753125,
        0.7578125,
        0.7640625,
        0.7671875,
        0.7625,
        0.759375,
        0.759375,
        0.7625,
        0.7640625,
        0.759375,
        0.7578125,
        0.7578125,
        0.7609375,
        0.75625,
        0.7609375,
        0.7640625,
        0.7609375,
        0.7578125,
        0.7546875,
        0.7625,
        0.7578125,
        0.759375,
        0.7578125,
        0.7625,
        0.7578125,
        0.7625,
        0.7640625,
        0.7625,
        0.759375,
        0.7640625,
        0.7640625,
        0.7625,
        0.7625,
        0.7609375,
        0.7578125,
        0.7578125,
        0.7578125,
        0.7578125,
        0.7609375,
        0.7546875,
        0.75625,
        0.7546875,
        0.7515625,
        0.75,
        0.7421875,
        0.75,
        0.7484375,
        0.74375,
        0.7515625
    ],