{
    "model_id": "ba176226-e9f3-4d2d-a803-756eb3047007",
    "train_accuracy": [
        0.55234375,
        0.546875,
        0.571484375,
        0.546484375,
        0.59140625,
        0.60234375,
        0.61171875,
        0.54765625,
        0.5625,
        0.594140625,
        0.575,
        0.541015625,
        0.535546875,
        0.555859375,
        0.551171875,
        0.534765625,
        0.515625,
        0.5015625,
        0.501171875,
        0.509375,
        0.51171875,
        0.50546875,
        0.49453125,
        0.5125,
        0.50234375,
        0.528125,
        0.489453125,
        0.5171875,
        0.490234375,
        0.489453125,
        0.497265625,
        0.496484375,
        0.488671875,
        0.493359375,
        0.511328125,
        0.500390625,
        0.51328125,
        0.49609375,
        0.527734375,
        0.520703125,
        0.487109375,
        0.493359375,
        0.485546875,
        0.519921875,
        0.506640625,
        0.509765625,
        0.501953125,
        0.500390625,
        0.505859375,
        0.500390625,
        0.493359375,
        0.480078125,
        0.505078125,
        0.5203125,
        0.512890625,
        0.485546875,
        0.5125,
        0.5109375,
        0.52890625,
        0.508984375,
        0.4984375,
        0.498828125,
        0.4921875,
        0.492578125,
        0.490625,
        0.51015625,
        0.503515625,
        0.51953125,
        0.49609375,
        0.486328125,
        0.508203125,
        0.509375,
        0.502734375,
        0.498046875,
        0.4859375,
        0.499609375,
        0.494921875,
        0.478515625,
        0.483203125,
        0.503515625,
        0.49765625,
        0.503515625,
        0.518359375,
        0.497265625,
        0.523828125,
        0.483203125,
        0.509765625,
        0.49609375,
        0.499609375,
        0.481640625,
        0.491796875,
        0.483203125,
        0.504296875,
        0.512890625,
        0.4953125,
        0.49453125,
        0.49765625,
        0.501171875,
        0.508984375,
        0.51484375
    ],
    "train_loss": [
        0.0263212401419878,
        0.007332448055967689,
        0.006635793182067573,
        0.0071195429656654595,
        0.006694817822426558,
        0.00665179705247283,
        0.006984062143601477,
        0.006912020221352577,
        0.006702084094285965,
        0.00669668794143945,
        0.006815252709202468,
        0.006993200583383441,
        0.006955746095627546,
        0.0068029246758669615,
        0.006847716053016484,
        0.006948847463354469,
        0.007125224056653679,
        0.007046096585690975,
        0.0070581439882516864,
        0.007961321691982447,
        0.007057640864513814,
        0.006992333452217281,
        0.006970971287228167,
        0.007417060085572302,
        0.0074197927489876745,
        0.007086553075350821,
        0.00737447002902627,
        0.007332181185483932,
        0.007452686177566647,
        0.0070835178485140204,
        0.007062665093690157,
        0.007096157944761217,
        0.007127541070804,
        0.007167438487522304,
        0.007099314429797232,
        0.007130033755674958,
        0.007060160208493471,
        0.007070451090112328,
        0.007050246489234269,
        0.0070894599426537756,
        0.007199932425282896,
        0.007200054102577269,
        0.0070779209956526755,
        0.007098205550573766,
        0.00706610030028969,
        0.007164532598108053,
        0.007069216691888869,
        0.007118771411478519,
        0.0070739785674959425,
        0.007065397431142628,
        0.007175790006294846,
        0.007060914416797459,
        0.007107923133298754,
        0.007233555824495852,
        0.0070746325654909015,
        0.007135498127900064,
        0.007188911270350218,
        0.007176641980186105,
        0.006966834631748497,
        0.007613883749581873,
        0.007034580921754241,
        0.007042407430708409,
        0.00764347065705806,
        0.007129102596081793,
        0.007100504939444363,
        0.007091785571537912,
        0.007144582853652537,
        0.007621274865232408,
        0.007177411019802094,
        0.007128814957104624,
        0.007178137637674808,
        0.008392159058712424,
        0.007101689954288304,
        0.0071265205508098005,
        0.007214513351209461,
        0.007230612309649586,
        0.007329551596194505,
        0.0075456974096596244,
        0.007096602604724467,
        0.007075302279554307,
        0.007165552978403866,
        0.007163971452973783,
        0.0070957941701635715,
        0.007277421723119915,
        0.007105035218410194,
        0.00727047873660922,
        0.007098616100847721,
        0.007308238092809916,
        0.008626017137430608,
        0.007090004673227668,
        0.007073318515904248,
        0.007132094609551132,
        0.0071266488637775184,
        0.007592895580455661,
        0.007133870548568666,
        0.007068414590321481,
        0.007148910476826131,
        0.007083441759459674,
        0.0071677608415484425,
        0.007020294689573348
    ],
    "val_accuracy": [
        0.51875,
        0.5234375,
        0.659375,
        0.6296875,
        0.5984375,
        0.590625,
        0.6421875,
        0.665625,
        0.60625,
        0.6421875,
        0.5921875,
        0.5359375,
        0.5421875,
        0.5203125,
        0.5453125,
        0.5328125,
        0.4859375,
        0.5171875,
        0.5078125,
        0.5046875,
        0.503125,
        0.503125,
        0.5046875,
        0.5375,
        0.5171875,
        0.5171875,
        0.4828125,
        0.4828125,
        0.5171875,
        0.4828125,
        0.4828125,
        0.5171875,
        0.5171875,
        0.4828125,
        0.4828125,
        0.5171875,
        0.5171875,
        0.503125,
        0.5171875,
        0.5171875,
        0.4828125,
        0.4828125,
        0.4828125,
        0.4828125,
        0.4828125,
        0.4828125,
        0.5171875,
        0.4828125,
        0.4828125,
        0.5171875,
        0.4828125,
        0.5171875,
        0.4953125,
        0.5171875,
        0.4859375,
        0.5015625,
        0.5171875,
        0.5171875,
        0.60625,
        0.509375,
        0.484375,
        0.4828125,
        0.5171875,
        0.490625,
        0.5171875,
        0.484375,
        0.5171875,
        0.5171875,
        0.484375,
        0.5171875,
        0.490625,
        0.484375,
        0.5,
        0.484375,
        0.5171875,
        0.4828125,
        0.4828125,
        0.5171875,
        0.4828125,
        0.5171875,
        0.5171875,
        0.4828125,
        0.4828125,
        0.4828125,
        0.4828125,
        0.5171875,
        0.5171875,
        0.4828125,
        0.5171875,
        0.5171875,
        0.5171875,
        0.4828125,
        0.503125,
        0.4828125,
        0.5171875,
        0.49375,
        0.5171875,
        0.4859375,
        0.5171875,
        0.5171875
    ],