{
    "model_id": "a6d25cd8-4a7d-47e1-92bf-83427f357a20",
    "train_accuracy": [
        0.575,
        0.6859375,
        0.712890625,
        0.7359375,
        0.73984375,
        0.76953125,
        0.78125,
        0.78203125,
        0.805078125,
        0.80390625,
        0.81875,
        0.82421875,
        0.833203125,
        0.841015625,
        0.848828125,
        0.8375,
        0.854296875,
        0.859765625,
        0.8578125,
        0.865625,
        0.870703125,
        0.884765625,
        0.885546875,
        0.88203125,
        0.902734375,
        0.896484375,
        0.89765625,
        0.916796875,
        0.902734375,
        0.90078125,
        0.918359375,
        0.919921875,
        0.919140625,
        0.918359375,
        0.930859375,
        0.931640625,
        0.93125,
        0.930859375,
        0.941015625,
        0.93828125,
        0.94453125,
        0.938671875,
        0.9515625,
        0.9421875,
        0.936328125,
        0.9484375,
        0.94765625,
        0.94375,
        0.95546875,
        0.961328125,
        0.949609375,
        0.953125,
        0.95859375,
        0.958984375,
        0.955859375,
        0.96328125,
        0.9578125,
        0.961328125,
        0.966796875,
        0.961328125,
        0.956640625,
        0.963671875,
        0.961328125,
        0.96875,
        0.9703125,
        0.96171875,
        0.959765625,
        0.96328125,
        0.96640625,
        0.966015625,
        0.97265625,
        0.969921875,
        0.971484375,
        0.972265625,
        0.976953125,
        0.975,
        0.968359375,
        0.966796875,
        0.9671875,
        0.976171875,
        0.975390625,
        0.970703125,
        0.971875,
        0.979296875,
        0.97890625,
        0.97421875,
        0.980078125,
        0.97734375,
        0.97734375,
        0.976171875,
        0.983203125,
        0.978515625,
        0.98046875,
        0.98125,
        0.977734375,
        0.981640625,
        0.980859375,
        0.978515625,
        0.984765625,
        0.983203125
    ],
    "train_loss": [
        0.006957676378078759,
        0.006060464470647275,
        0.005682419147342443,
        0.0054817825905047355,
        0.005138316785451025,
        0.004911364801228046,
        0.004690260533243418,
        0.004617161129135639,
        0.004434947029221803,
        0.004329294129274785,
        0.004131500155199319,
        0.0038936987053602933,
        0.0037991418736055492,
        0.003691984433680773,
        0.003567539557116106,
        0.0036398152355104686,
        0.0033895170665346084,
        0.0032286017027217894,
        0.003256941225845367,
        0.0030617237614933403,
        0.0030376497306860983,
        0.002877361758146435,
        0.002802171534858644,
        0.0028787695860955863,
        0.0025238031696062533,
        0.002547743218019605,
        0.0023529950762167574,
        0.002173230203334242,
        0.002316803199937567,
        0.002470212895423174,
        0.002049064449965954,
        0.002043606492225081,
        0.0020046939462190494,
        0.0020009840256534515,
        0.0018678210821235553,
        0.0018508078093873337,
        0.0017780705966288224,
        0.0017822109162807464,
        0.0015978492680005728,
        0.0016138661390868946,
        0.0015391635330161079,
        0.001608659970224835,
        0.0013089344240142964,
        0.00142960287630558,
        0.0015357469965238124,
        0.0013760857080342248,
        0.0013430778839392588,
        0.00142733724496793,
        0.001187237270642072,
        0.0011342719590174966,
        0.0013050257119175512,
        0.0012789521279046312,
        0.001192769502813462,
        0.0010951413700240665,
        0.0011900939949555322,
        0.0010021232621511445,
        0.0011481816560262813,
        0.0011243171400565188,
        0.000945294534903951,
        0.001034456046181731,
        0.0011758565859054215,
        0.0009749505363288336,
        0.0009959533796063623,
        0.0008378582337172702,
        0.0008364432243979536,
        0.001033239864045754,
        0.0010104337517987006,
        0.0009318580137914978,
        0.0009312142254202626,
        0.0008742463542148471,
        0.0007564154628198593,
        0.0007382197021797765,
        0.0007054161542328075,
        0.0007617027331434656,
        0.0006846826436230913,
        0.0007272183138411492,
        0.0008071241638390348,
        0.0009196503728162497,
        0.0008409600486629643,
        0.0006770551502995658,
        0.0007692080907872878,
        0.0007682178431423381,
        0.0006945136890863068,
        0.0006249851288885111,
        0.0005831218983075815,
        0.0007083402768330415,
        0.0005536432388907997,
        0.000570317681558663,
        0.0006687377113848925,
        0.0007188028037489857,
        0.0005075494787888602,
        0.0005682169237843481,
        0.0005679935009538894,
        0.0004532221277258941,
        0.0006201931908435653,
        0.0005424907074484508,
        0.0005960692069493234,
        0.0006543685645738151,
        0.0005143546040926594,
        0.00048005196949816307
    ],
    "val_accuracy": [
        0.49375,
        0.6390625,
        0.7109375,
        0.73125,
        0.73125,
        0.734375,
        0.7375,
        0.73125,
        0.7484375,
        0.73125,
        0.75,
        0.74375,
        0.7421875,
        0.7390625,
        0.7296875,
        0.728125,
        0.7234375,
        0.7265625,
        0.725,
        0.7203125,
        0.7265625,
        0.7265625,
        0.7171875,
        0.721875,
        0.725,
        0.7234375,
        0.728125,
        0.7234375,
        0.73125,
        0.7375,
        0.73125,
        0.73125,
        0.734375,
        0.7375,
        0.728125,
        0.725,
        0.73125,
        0.7296875,
        0.7390625,
        0.7296875,
        0.7296875,
        0.7359375,
        0.7203125,
        0.7234375,
        0.73125,
        0.7265625,
        0.728125,
        0.734375,
        0.73125,
        0.728125,
        0.7265625,
        0.7265625,
        0.7203125,
        0.7234375,
        0.7171875,
        0.7328125,
        0.7375,
        0.73125,
        0.7328125,
        0.7375,
        0.73125,
        0.734375,
        0.721875,
        0.7234375,
        0.7265625,
        0.725,
        0.7296875,
        0.728125,
        0.728125,
        0.7265625,
        0.7203125,
        0.7328125,
        0.7359375,
        0.73125,
        0.7203125,
        0.721875,
        0.725,
        0.7203125,
        0.7203125,
        0.728125,
        0.7234375,
        0.728125,
        0.734375,
        0.7296875,
        0.725,
        0.73125,
        0.7265625,
        0.71875,
        0.725,
        0.71875,
        0.715625,
        0.7234375,
        0.7203125,
        0.7234375,
        0.7140625,
        0.709375,
        0.70625,
        0.7015625,
        0.7125,
        0.709375
    ],