{
    "model_id": "1556705a-7b4e-48ab-aebc-b9e956f65393",
    "train_accuracy": [
        0.47421875,
        0.49296875,
        0.4828125,
        0.462109375,
        0.4578125,
        0.49765625,
        0.471875,
        0.493359375,
        0.473828125,
        0.47421875,
        0.4703125,
        0.487109375,
        0.491015625,
        0.48671875,
        0.496875,
        0.48203125,
        0.47265625,
        0.479296875,
        0.4953125,
        0.48828125,
        0.489453125,
        0.481640625,
        0.50703125,
        0.4859375,
        0.4828125,
        0.492578125,
        0.487109375,
        0.48515625,
        0.503515625,
        0.499609375,
        0.480859375,
        0.484765625,
        0.495703125,
        0.499609375,
        0.49375,
        0.481640625,
        0.49296875,
        0.491015625,
        0.5046875,
        0.51015625,
        0.4875,
        0.483203125,
        0.484765625,
        0.49140625,
        0.50390625,
        0.49609375,
        0.496875,
        0.50859375,
        0.51953125,
        0.494140625,
        0.50234375,
        0.487890625,
        0.51015625,
        0.518359375,
        0.49296875,
        0.502734375,
        0.503515625,
        0.480078125,
        0.493359375,
        0.496484375,
        0.4859375,
        0.495703125,
        0.515625,
        0.489453125,
        0.494140625,
        0.482421875,
        0.495703125,
        0.51640625,
        0.503125,
        0.498046875,
        0.497265625,
        0.499609375,
        0.511328125,
        0.50390625,
        0.51171875,
        0.520703125,
        0.50234375,
        0.486328125,
        0.510546875,
        0.503125,
        0.510546875,
        0.52109375,
        0.514453125,
        0.519921875,
        0.52265625,
        0.515234375,
        0.5015625,
        0.505078125,
        0.51796875,
        0.5234375,
        0.52109375,
        0.51640625,
        0.497265625,
        0.516015625,
        0.515625,
        0.51328125,
        0.5203125,
        0.5265625,
        0.52421875,
        0.505078125
    ],
    "train_loss": [
        0.008119197865016758,
        0.007945542340166867,
        0.007930370327085257,
        0.008078355295583605,
        0.0080833027837798,
        0.007829659199342132,
        0.008092236379161477,
        0.007965803751721979,
        0.00794146042317152,
        0.008012753655202686,
        0.007951880898326635,
        0.007956773205660284,
        0.007818632712587714,
        0.007921877573244274,
        0.007796525419689715,
        0.00793446593452245,
        0.007906703068874777,
        0.008010885631665587,
        0.0079494139412418,
        0.007834096392616629,
        0.00793104802723974,
        0.007976852240972221,
        0.007785631250590086,
        0.007835435052402317,
        0.007915160618722439,
        0.007813606690615416,
        0.007913169870153069,
        0.007915478502400219,
        0.007681436603888869,
        0.007827670988626778,
        0.007823977619409561,
        0.007849590107798576,
        0.007812369265593588,
        0.007738120574504137,
        0.007687947759404778,
        0.007847594120539725,
        0.007865984528325497,
        0.007749583246186376,
        0.007745612435974181,
        0.0076456584734842185,
        0.00783599957358092,
        0.00784628929104656,
        0.00786919561214745,
        0.007790623907931149,
        0.007744186650961637,
        0.007735728239640594,
        0.0077966874931007625,
        0.0076557506108656526,
        0.007564492267556488,
        0.007776084379293025,
        0.007633247575722635,
        0.007679961645044387,
        0.007649258943274617,
        0.007600496523082256,
        0.007697812281548977,
        0.0076622578082606195,
        0.007692347979173064,
        0.007803108869120478,
        0.007801722129806876,
        0.007845532847568393,
        0.007743964483961463,
        0.007712230575270951,
        0.007688504294492304,
        0.007794901286251843,
        0.007672815350815654,
        0.00781178583856672,
        0.007728538662195206,
        0.007547509414143861,
        0.007700101262889803,
        0.007610740535892546,
        0.00774938203394413,
        0.0077323030913248655,
        0.00756762083619833,
        0.007610727520659566,
        0.007658621785230935,
        0.007634602533653378,
        0.007693849573843181,
        0.007760395994409919,
        0.007506991829723119,
        0.007751080743037164,
        0.007615386066026986,
        0.007551397196948528,
        0.007645398750901223,
        0.007624597079120577,
        0.007526947767473757,
        0.007466970616951585,
        0.007639314862899482,
        0.007607131823897361,
        0.0075778756756335495,
        0.007552042650058865,
        0.007588954386301338,
        0.007568544475361705,
        0.007619096082635224,
        0.007577979122288525,
        0.007567185163497925,
        0.007504579657688737,
        0.007538025290705264,
        0.007445699255913496,
        0.007485845824703574,
        0.0076069517759606246
    ],
    "val_accuracy": [
        0.515625,
        0.453125,
        0.4328125,
        0.4296875,
        0.4328125,
        0.4328125,
        0.4359375,
        0.4328125,
        0.4390625,
        0.425,
        0.43125,
        0.4390625,
        0.4328125,
        0.4296875,
        0.4296875,
        0.4421875,
        0.4359375,
        0.4359375,
        0.4390625,
        0.4328125,
        0.434375,
        0.44375,
        0.44375,
        0.44375,
        0.4390625,
        0.4390625,
        0.4453125,
        0.446875,
        0.4515625,
        0.45625,
        0.45,
        0.44375,
        0.453125,
        0.45,
        0.459375,
        0.4578125,
        0.4609375,
        0.4578125,
        0.45625,
        0.4671875,
        0.4671875,
        0.4671875,
        0.471875,
        0.4609375,
        0.471875,
        0.4671875,
        0.471875,
        0.4671875,
        0.475,
        0.4734375,
        0.4671875,
        0.4734375,
        0.46875,
        0.465625,
        0.48125,
        0.4765625,
        0.471875,
        0.4703125,
        0.484375,
        0.4796875,
        0.490625,
        0.48125,
        0.465625,
        0.4828125,
        0.4828125,
        0.4890625,
        0.4734375,
        0.4671875,
        0.4765625,
        0.478125,
        0.484375,
        0.4859375,
        0.4765625,
        0.4890625,
        0.4875,
        0.5,
        0.4921875,
        0.490625,
        0.4828125,
        0.49375,
        0.496875,
        0.4921875,
        0.4984375,
        0.4890625,
        0.5015625,
        0.5109375,
        0.503125,
        0.49375,
        0.5,
        0.496875,
        0.503125,
        0.4984375,
        0.503125,
        0.5078125,
        0.496875,
        0.4984375,
        0.50625,
        0.509375,
        0.4953125,
        0.5
    ],