{
    "model_id": "0e670864-6789-4663-b640-fddfb6ed0940",
    "train_accuracy": [
        0.496484375,
        0.530078125,
        0.53828125,
        0.544921875,
        0.576953125,
        0.564453125,
        0.584375,
        0.59375,
        0.619921875,
        0.6109375,
        0.6234375,
        0.63984375,
        0.641796875,
        0.66640625,
        0.66015625,
        0.66796875,
        0.667578125,
        0.673828125,
        0.678125,
        0.692578125,
        0.69609375,
        0.6859375,
        0.69296875,
        0.709765625,
        0.707421875,
        0.6921875,
        0.71015625,
        0.709765625,
        0.714453125,
        0.70546875,
        0.714453125,
        0.729296875,
        0.712890625,
        0.722265625,
        0.711328125,
        0.728515625,
        0.7328125,
        0.7234375,
        0.734375,
        0.737109375,
        0.74140625,
        0.748828125,
        0.737890625,
        0.749609375,
        0.75078125,
        0.751953125,
        0.751171875,
        0.753125,
        0.752734375,
        0.751953125,
        0.75703125,
        0.764453125,
        0.760546875,
        0.77578125,
        0.756640625,
        0.774609375,
        0.773828125,
        0.75859375,
        0.7734375,
        0.7609375,
        0.774609375,
        0.7734375,
        0.76484375,
        0.779296875,
        0.773828125,
        0.76875,
        0.771875,
        0.77890625,
        0.775390625,
        0.7859375,
        0.78046875,
        0.78828125,
        0.796875,
        0.785546875,
        0.778125,
        0.783984375,
        0.7890625,
        0.78203125,
        0.790234375,
        0.800390625,
        0.796875,
        0.794921875,
        0.795703125,
        0.798046875,
        0.80234375,
        0.8078125,
        0.80390625,
        0.8078125,
        0.8046875,
        0.791796875,
        0.799609375,
        0.8,
        0.80390625,
        0.811328125,
        0.8125,
        0.8125,
        0.804296875,
        0.819921875,
        0.8125,
        0.804296875
    ],
    "train_loss": [
        0.00784287415444851,
        0.007598577975295484,
        0.007488536462187767,
        0.007325381389819086,
        0.007014790014363825,
        0.007091422076337039,
        0.006925654294900596,
        0.0068217741791158915,
        0.006713664974085987,
        0.006653625518083572,
        0.0065997923258692024,
        0.006470794952474534,
        0.0064339582342654465,
        0.006286603584885597,
        0.0061662166845053434,
        0.0062162951100617645,
        0.00616853260435164,
        0.006136478716507554,
        0.0060448046308010815,
        0.005873068154323846,
        0.005896767694503069,
        0.006022268766537308,
        0.005910888127982616,
        0.005853711115196347,
        0.005898308870382607,
        0.005792267026845366,
        0.005733448709361255,
        0.005587520566768945,
        0.005606769607402385,
        0.005563336540944874,
        0.00560404370771721,
        0.005500941118225455,
        0.0056218786048702896,
        0.005456642888020724,
        0.0055751402047462765,
        0.00540776775451377,
        0.0054077455075457696,
        0.0054429997457191345,
        0.005329925520345569,
        0.005335389345418662,
        0.005345269269309938,
        0.005242678406648338,
        0.0052976605133153495,
        0.005227860249578953,
        0.005254439869895577,
        0.005209125578403473,
        0.005063651106320321,
        0.0051083180936984714,
        0.0051148124621249735,
        0.0050227320054546,
        0.005023006082046777,
        0.0050324333598837255,
        0.005068397521972657,
        0.00489356683101505,
        0.005004159396048635,
        0.004819554602727294,
        0.00482629727339372,
        0.005042368918657303,
        0.004890744620934129,
        0.004954717704094946,
        0.0048424926120787855,
        0.004770757537335158,
        0.00486625557532534,
        0.004666288488078862,
        0.00479731586528942,
        0.0048461154219694436,
        0.004835634073242545,
        0.0046561160357669,
        0.004692657745908946,
        0.004637933592312038,
        0.0046625380171462895,
        0.0045936244772747156,
        0.0045236175530590115,
        0.004589839873369783,
        0.00465020511765033,
        0.004538813640829175,
        0.004595123021863401,
        0.004579505801666528,
        0.004584711871575564,
        0.004501733009237796,
        0.004389723285567015,
        0.004362498689442873,
        0.004443298012483865,
        0.004359848413150758,
        0.004343570710625499,
        0.004265601234510541,
        0.004413371533155441,
        0.004295465222094208,
        0.004348736570682377,
        0.0043537027086131275,
        0.004283152753487229,
        0.004325902392156422,
        0.004284119699150324,
        0.0041979629429988565,
        0.004193768964614719,
        0.004155442537739873,
        0.004238364717457444,
        0.004051520838402212,
        0.0041324565652757885,
        0.004203406104352325
    ],
    "val_accuracy": [
        0.484375,
        0.496875,
        0.5421875,
        0.571875,
        0.5828125,
        0.603125,
        0.6265625,
        0.6234375,
        0.628125,
        0.6265625,
        0.6421875,
        0.65,
        0.6609375,
        0.6671875,
        0.6703125,
        0.6765625,
        0.6875,
        0.678125,
        0.684375,
        0.6875,
        0.6859375,
        0.6953125,
        0.7015625,
        0.6921875,
        0.703125,
        0.6984375,
        0.6984375,
        0.696875,
        0.7015625,
        0.703125,
        0.7046875,
        0.703125,
        0.70625,
        0.70625,
        0.7078125,
        0.7140625,
        0.7125,
        0.715625,
        0.7171875,
        0.715625,
        0.7125,
        0.7140625,
        0.7171875,
        0.715625,
        0.715625,
        0.71875,
        0.7171875,
        0.721875,
        0.7171875,
        0.71875,
        0.7171875,
        0.715625,
        0.7171875,
        0.71875,
        0.7171875,
        0.7171875,
        0.715625,
        0.7125,
        0.71875,
        0.725,
        0.7203125,
        0.709375,
        0.715625,
        0.7171875,
        0.7140625,
        0.7203125,
        0.7171875,
        0.7203125,
        0.71875,
        0.715625,
        0.7140625,
        0.7203125,
        0.7171875,
        0.7234375,
        0.715625,
        0.7203125,
        0.7203125,
        0.7203125,
        0.7171875,
        0.71875,
        0.7140625,
        0.715625,
        0.715625,
        0.715625,
        0.7109375,
        0.7109375,
        0.7125,
        0.71875,
        0.7109375,
        0.7171875,
        0.715625,
        0.7171875,
        0.7296875,
        0.7203125,
        0.721875,
        0.7171875,
        0.7203125,
        0.7203125,
        0.721875,
        0.721875
    ],