{
    "model_id": "a421aa3c-61c7-4aff-b5f4-6cf8599f73a4",
    "train_accuracy": [
        0.593359375,
        0.675,
        0.707421875,
        0.725,
        0.746484375,
        0.763671875,
        0.792578125,
        0.787890625,
        0.812109375,
        0.808203125,
        0.83203125,
        0.819140625,
        0.845703125,
        0.858984375,
        0.841796875,
        0.851171875,
        0.859375,
        0.874609375,
        0.878125,
        0.882421875,
        0.885546875,
        0.885546875,
        0.905078125,
        0.89765625,
        0.90859375,
        0.912890625,
        0.9125,
        0.91015625,
        0.913671875,
        0.9140625,
        0.925,
        0.927734375,
        0.93125,
        0.93046875,
        0.93515625,
        0.92890625,
        0.93515625,
        0.9265625,
        0.94453125,
        0.937890625,
        0.9515625,
        0.946875,
        0.95,
        0.948046875,
        0.952734375,
        0.95546875,
        0.95703125,
        0.946875,
        0.95390625,
        0.9484375,
        0.955859375,
        0.96015625,
        0.955078125,
        0.96171875,
        0.96640625,
        0.969140625,
        0.9640625,
        0.96875,
        0.95859375,
        0.9640625,
        0.9625,
        0.966796875,
        0.97109375,
        0.965625,
        0.963671875,
        0.965625,
        0.967578125,
        0.9703125,
        0.971875,
        0.96171875,
        0.968359375,
        0.96953125,
        0.970703125,
        0.976171875,
        0.975,
        0.976171875,
        0.970703125,
        0.978515625,
        0.976953125,
        0.972265625,
        0.97265625,
        0.971484375,
        0.975390625,
        0.976171875,
        0.9765625,
        0.97890625,
        0.972265625,
        0.978515625,
        0.979296875,
        0.977734375,
        0.97578125,
        0.9734375,
        0.980078125,
        0.975390625,
        0.9796875,
        0.980859375,
        0.9796875,
        0.983203125,
        0.981640625,
        0.978515625
    ],
    "train_loss": [
        0.011464637331664562,
        0.01003882389049977,
        0.009376382606569677,
        0.008935262518934905,
        0.008609252807218581,
        0.008064754470251501,
        0.007587362441699952,
        0.007512449112255126,
        0.007055675913579762,
        0.006924040417652577,
        0.006472771731205284,
        0.006598456064239144,
        0.00585983342025429,
        0.005747682263609022,
        0.005847771110711619,
        0.00557855949155055,
        0.005330549733480438,
        0.005160467798123136,
        0.004911655152682215,
        0.004808331758249551,
        0.004540986771462485,
        0.004491694486932829,
        0.0039761913823895155,
        0.004209338192595169,
        0.0037383841845439747,
        0.003753212181618437,
        0.003674711741041392,
        0.0037375564919784666,
        0.0035240093333413825,
        0.0036636636272305624,
        0.0031387377850478513,
        0.002936329139629379,
        0.0029228565079392867,
        0.0030344953178428114,
        0.002658383591915481,
        0.0028598663775483146,
        0.002836870674218517,
        0.0029333603568375112,
        0.002380468005139846,
        0.002658026457356755,
        0.002218527234799694,
        0.0021952535345917566,
        0.0021920163722825236,
        0.0021983754544635304,
        0.0020566970182699152,
        0.002037657606706489,
        0.002132359648385318,
        0.002370969312323723,
        0.0018565536804089789,
        0.002132348513987381,
        0.001901029446889879,
        0.0018229922206955962,
        0.001972974804812111,
        0.0017363549210131167,
        0.001640629765461199,
        0.001595716028532479,
        0.0017273523219046183,
        0.001428044887870783,
        0.0018043031101115047,
        0.0015223738380882423,
        0.001530074046968366,
        0.0015647135362087284,
        0.0013807982933940366,
        0.001516965044720564,
        0.0014851143037958535,
        0.0014283756070653908,
        0.0015170079452218488,
        0.0015926643704005984,
        0.001349458924596547,
        0.0016579451199504546,
        0.0015321239989134483,
        0.0013317064745933748,
        0.0012946988717885688,
        0.0011125855606223922,
        0.0011717966703145067,
        0.0011259919281656039,
        0.0014017736706591678,
        0.0010664207165973494,
        0.0010994779531756649,
        0.0012560467148432508,
        0.0012299720034206984,
        0.0012392242311761946,
        0.0010440019515954191,
        0.0011931111317608155,
        0.0011750724763260223,
        0.0009998969744628994,
        0.0012560206188936718,
        0.0011033846609279862,
        0.0009063244840945117,
        0.0009828530601225793,
        0.0011067679206462344,
        0.0011200280612683855,
        0.0009514325534837553,
        0.0011582739811274224,
        0.0009362111737573287,
        0.0010128867488674587,
        0.0008200932319596177,
        0.000863736535939097,
        0.0008607683230366092,
        0.0010074686970256153
    ],
    "val_accuracy": [
        0.590625,
        0.709375,
        0.7203125,
        0.728125,
        0.7390625,
        0.740625,
        0.7453125,
        0.7375,
        0.7359375,
        0.73125,
        0.725,
        0.725,
        0.7390625,
        0.7453125,
        0.7265625,
        0.7390625,
        0.7421875,
        0.728125,
        0.7296875,
        0.73125,
        0.7328125,
        0.728125,
        0.73125,
        0.740625,
        0.728125,
        0.71875,
        0.7234375,
        0.71875,
        0.7265625,
        0.7296875,
        0.7203125,
        0.7203125,
        0.7265625,
        0.7234375,
        0.7234375,
        0.7390625,
        0.746875,
        0.7265625,
        0.7359375,
        0.728125,
        0.7234375,
        0.734375,
        0.740625,
        0.74375,
        0.7328125,
        0.721875,
        0.734375,
        0.725,
        0.7265625,
        0.7203125,
        0.7234375,
        0.7375,
        0.728125,
        0.7328125,
        0.71875,
        0.7296875,
        0.7265625,
        0.7203125,
        0.721875,
        0.7328125,
        0.7359375,
        0.725,
        0.7203125,
        0.71875,
        0.7359375,
        0.7296875,
        0.7140625,
        0.7015625,
        0.728125,
        0.7296875,
        0.7421875,
        0.7234375,
        0.7203125,
        0.7171875,
        0.73125,
        0.725,
        0.725,
        0.73125,
        0.7296875,
        0.7328125,
        0.7484375,
        0.7359375,
        0.7359375,
        0.7265625,
        0.734375,
        0.7234375,
        0.721875,
        0.721875,
        0.7171875,
        0.721875,
        0.7171875,
        0.73125,
        0.7296875,
        0.7296875,
        0.71875,
        0.7171875,
        0.728125,
        0.7234375,
        0.721875,
        0.7296875
    ],