{
    "model_id": "8791dd97-2c7e-432a-b0d4-621ae730b508",
    "train_accuracy": [
        0.476171875,
        0.488671875,
        0.488671875,
        0.517578125,
        0.508203125,
        0.488671875,
        0.493359375,
        0.50859375,
        0.51796875,
        0.518359375,
        0.50546875,
        0.51953125,
        0.522265625,
        0.516015625,
        0.5296875,
        0.503125,
        0.504296875,
        0.509375,
        0.51171875,
        0.50546875,
        0.523828125,
        0.51953125,
        0.5296875,
        0.54296875,
        0.53828125,
        0.558203125,
        0.53984375,
        0.552734375,
        0.559375,
        0.54765625,
        0.55390625,
        0.54140625,
        0.554296875,
        0.560546875,
        0.54609375,
        0.564453125,
        0.555078125,
        0.55,
        0.541796875,
        0.541796875,
        0.573046875,
        0.564453125,
        0.571484375,
        0.559375,
        0.5703125,
        0.572265625,
        0.573046875,
        0.5609375,
        0.57109375,
        0.5703125,
        0.5703125,
        0.566015625,
        0.5828125,
        0.56953125,
        0.576171875,
        0.590625,
        0.587109375,
        0.57890625,
        0.6015625,
        0.59296875,
        0.598046875,
        0.597265625,
        0.591796875,
        0.61015625,
        0.60703125,
        0.590234375,
        0.605078125,
        0.599609375,
        0.604296875,
        0.6078125,
        0.620703125,
        0.6125,
        0.605859375,
        0.615625,
        0.61875,
        0.608984375,
        0.598046875,
        0.61875,
        0.630078125,
        0.619140625,
        0.629296875,
        0.594140625,
        0.62890625,
        0.612890625,
        0.638671875,
        0.6234375,
        0.61953125,
        0.618359375,
        0.62578125,
        0.62734375,
        0.625390625,
        0.64765625,
        0.634375,
        0.633984375,
        0.63125,
        0.625390625,
        0.6390625,
        0.6390625,
        0.627734375,
        0.63828125
    ],
    "train_loss": [
        0.007733689807355404,
        0.007598207448609173,
        0.007570997672155499,
        0.0074047907954081895,
        0.007502864045090973,
        0.007543485681526363,
        0.0075260336510837075,
        0.007459397078491747,
        0.007376982131972909,
        0.007398537523113191,
        0.007477008062414825,
        0.00747035639360547,
        0.007325923116877675,
        0.00733365686610341,
        0.007262710155919195,
        0.007447818922810256,
        0.007391756866127253,
        0.0073899779003113505,
        0.0073383002076297995,
        0.00735960656311363,
        0.007282807282172144,
        0.00721539247315377,
        0.007248144317418337,
        0.007261198502965272,
        0.007159581338055432,
        0.007056238129734993,
        0.007155402796342969,
        0.007140910369344056,
        0.007107524620369077,
        0.007117645838297904,
        0.006977511593140662,
        0.007040036329999566,
        0.007029308099299669,
        0.00706656004767865,
        0.007069518859498203,
        0.006949636968784034,
        0.007066901959478855,
        0.007048873184248805,
        0.007081168284639716,
        0.007050881721079349,
        0.006911634188145399,
        0.0070243462221696975,
        0.006937038572505117,
        0.006971371034160257,
        0.006886470457538962,
        0.006893189949914813,
        0.006878317450173199,
        0.006907855509780347,
        0.006873741373419761,
        0.0069671389646828175,
        0.006911464012227952,
        0.006887669186107814,
        0.006803833367303014,
        0.006922937510535121,
        0.006854180828668177,
        0.006888859160244465,
        0.006760976719669997,
        0.006878389324992895,
        0.006779847689904273,
        0.0067996506346389655,
        0.006773485522717238,
        0.006736616767011583,
        0.00684546735137701,
        0.006704265857115388,
        0.006696203537285328,
        0.0067733199801296,
        0.006653947755694389,
        0.006709429691545666,
        0.006628390867263079,
        0.00660606543533504,
        0.006615157658234239,
        0.0066300482023507355,
        0.006737618590705097,
        0.006622748356312514,
        0.006646771752275527,
        0.006584785436280072,
        0.006695125787518919,
        0.006616916880011559,
        0.0065377127379179,
        0.0065253082197159525,
        0.006468759546987712,
        0.006579316291026771,
        0.00639525456354022,
        0.006501681031659245,
        0.006498989439569414,
        0.006518835155293346,
        0.006532791373319924,
        0.0065895818872377275,
        0.006541523896157741,
        0.0065157422563061115,
        0.006518856319598853,
        0.006348003982566297,
        0.006544080935418606,
        0.006449728365987539,
        0.006514462386257946,
        0.006512790103442967,
        0.006419685925357044,
        0.006424805801361799,
        0.006461483240127563,
        0.006423415057361126
    ],
    "val_accuracy": [
        0.5171875,
        0.49375,
        0.509375,
        0.5171875,
        0.521875,
        0.5234375,
        0.5328125,
        0.53125,
        0.53125,
        0.5359375,
        0.5375,
        0.54375,
        0.546875,
        0.55,
        0.5484375,
        0.55,
        0.5546875,
        0.54375,
        0.5546875,
        0.5578125,
        0.5578125,
        0.5609375,
        0.553125,
        0.5640625,
        0.565625,
        0.565625,
        0.571875,
        0.575,
        0.5734375,
        0.58125,
        0.578125,
        0.5828125,
        0.5859375,
        0.5828125,
        0.5828125,
        0.5796875,
        0.5890625,
        0.596875,
        0.6,
        0.59375,
        0.5984375,
        0.5984375,
        0.5984375,
        0.60625,
        0.6234375,
        0.615625,
        0.6140625,
        0.6140625,
        0.615625,
        0.6171875,
        0.6265625,
        0.628125,
        0.634375,
        0.6328125,
        0.6296875,
        0.6296875,
        0.63125,
        0.6421875,
        0.6390625,
        0.646875,
        0.6484375,
        0.65,
        0.65,
        0.65,
        0.65625,
        0.6453125,
        0.6515625,
        0.6515625,
        0.653125,
        0.6546875,
        0.65,
        0.6546875,
        0.6578125,
        0.6625,
        0.653125,
        0.6515625,
        0.6578125,
        0.659375,
        0.659375,
        0.6609375,
        0.6625,
        0.6640625,
        0.6625,
        0.6578125,
        0.6625,
        0.6609375,
        0.6671875,
        0.6671875,
        0.6671875,
        0.66875,
        0.6640625,
        0.6625,
        0.6640625,
        0.665625,
        0.671875,
        0.671875,
        0.6703125,
        0.678125,
        0.6703125,
        0.66875
    ],