{
    "model_id": "1017c590-7624-48c8-bb6c-e88b2bcbff56",
    "train_accuracy": [
        0.539453125,
        0.63046875,
        0.66328125,
        0.69453125,
        0.718359375,
        0.734765625,
        0.74375,
        0.758984375,
        0.7640625,
        0.7734375,
        0.78046875,
        0.79296875,
        0.79140625,
        0.796484375,
        0.813671875,
        0.814453125,
        0.816796875,
        0.826953125,
        0.834765625,
        0.830078125,
        0.839453125,
        0.845703125,
        0.84921875,
        0.860546875,
        0.8578125,
        0.862109375,
        0.86796875,
        0.865234375,
        0.865625,
        0.885546875,
        0.87890625,
        0.876171875,
        0.870703125,
        0.88359375,
        0.897265625,
        0.89296875,
        0.89609375,
        0.90625,
        0.904296875,
        0.898828125,
        0.910546875,
        0.903515625,
        0.915625,
        0.9125,
        0.90859375,
        0.92578125,
        0.91484375,
        0.915625,
        0.915625,
        0.922265625,
        0.915625,
        0.921484375,
        0.9234375,
        0.93046875,
        0.9296875,
        0.93046875,
        0.938671875,
        0.940234375,
        0.930859375,
        0.9421875,
        0.947265625,
        0.947265625,
        0.9484375,
        0.94375,
        0.948046875,
        0.9390625,
        0.946484375,
        0.9515625,
        0.946484375,
        0.947265625,
        0.94453125,
        0.954296875,
        0.948828125,
        0.949609375,
        0.958984375,
        0.9421875,
        0.958984375,
        0.953125,
        0.9609375,
        0.96328125,
        0.9640625,
        0.957421875,
        0.95546875,
        0.96640625,
        0.962890625,
        0.96640625,
        0.9671875,
        0.972265625,
        0.9625,
        0.96484375,
        0.96796875,
        0.96484375,
        0.96015625,
        0.965234375,
        0.96640625,
        0.965625,
        0.96796875,
        0.965625,
        0.957421875,
        0.970703125
    ],
    "train_loss": [
        0.0073854470858350394,
        0.006546571478247642,
        0.006210214691236615,
        0.005854153318796307,
        0.005689632333815098,
        0.005352037423290312,
        0.0052528428961522875,
        0.004985093721188605,
        0.004951504885684699,
        0.004830040910746902,
        0.004741509549785405,
        0.004504939017351717,
        0.0044653428252786394,
        0.0043414110550656915,
        0.004237698926590383,
        0.0041124921990558505,
        0.003965613036416471,
        0.0038528944947756826,
        0.0038296271348372104,
        0.0037770010414533315,
        0.003631206206046045,
        0.0035446659079752863,
        0.0034505851566791535,
        0.0033058613655157386,
        0.0033176025899592787,
        0.003223020990844816,
        0.0031704205786809323,
        0.003196401381865144,
        0.0031437707715667785,
        0.0028648236533626915,
        0.002921525650890544,
        0.002915261848829687,
        0.0030546275433152915,
        0.0027254334127064794,
        0.0026738458953332158,
        0.0026557680044788866,
        0.002493028197204694,
        0.0023521637078374623,
        0.002374491310911253,
        0.0025914868514519186,
        0.00226791612803936,
        0.0022857837146148087,
        0.0021605956455459817,
        0.002262850117404014,
        0.0023128333152271805,
        0.001993827274418436,
        0.00217557541327551,
        0.002066055461182259,
        0.002093798777787015,
        0.0019840795081108808,
        0.0021102360857184975,
        0.001840575906680897,
        0.0018544531456427648,
        0.0018464185122866184,
        0.0018095707200700417,
        0.0018315650755539536,
        0.001687471751938574,
        0.0016697065424523317,
        0.001719423502800055,
        0.0015688809275161476,
        0.0014235543872928246,
        0.0014730605878867209,
        0.0013888017827412113,
        0.0015332788811065257,
        0.0013750881393207238,
        0.001540153932000976,
        0.0015100257820449769,
        0.0012816506699891762,
        0.001459455004078336,
        0.0014265646692365407,
        0.0014331029320601373,
        0.0012491465196944774,
        0.0013715246561332606,
        0.0012887568605947307,
        0.0011905101477168501,
        0.0013778029155218975,
        0.0011328474691254086,
        0.001229852918186225,
        0.0010673201963072644,
        0.0010692498210119084,
        0.0010318054744857363,
        0.0011623611819231883,
        0.0011740030444343575,
        0.0009785085159819574,
        0.0010435137432068587,
        0.0009165407886030152,
        0.000985826420946978,
        0.0008161990066582802,
        0.0010445137420902028,
        0.000977372279157862,
        0.0009073681489098817,
        0.0009656867194280494,
        0.0010386836729594506,
        0.0009782222608919256,
        0.0008819405280519277,
        0.0009698805966763757,
        0.0008536851484677755,
        0.0009941337470081636,
        0.0010911194665823131,
        0.0008503263947204686
    ],
    "val_accuracy": [
        0.4828125,
        0.5890625,
        0.7046875,
        0.7078125,
        0.73125,
        0.73125,
        0.740625,
        0.7453125,
        0.7484375,
        0.7421875,
        0.7453125,
        0.740625,
        0.7359375,
        0.740625,
        0.7265625,
        0.7171875,
        0.721875,
        0.728125,
        0.7234375,
        0.725,
        0.734375,
        0.7359375,
        0.715625,
        0.7203125,
        0.7359375,
        0.7328125,
        0.725,
        0.7265625,
        0.71875,
        0.71875,
        0.7203125,
        0.7203125,
        0.7109375,
        0.7171875,
        0.7140625,
        0.715625,
        0.7125,
        0.7171875,
        0.7140625,
        0.71875,
        0.7203125,
        0.73125,
        0.71875,
        0.7234375,
        0.7140625,
        0.7265625,
        0.7265625,
        0.715625,
        0.7125,
        0.7203125,
        0.715625,
        0.7265625,
        0.7234375,
        0.71875,
        0.7140625,
        0.7125,
        0.7203125,
        0.721875,
        0.725,
        0.715625,
        0.7140625,
        0.71875,
        0.7171875,
        0.7140625,
        0.7140625,
        0.728125,
        0.7125,
        0.725,
        0.721875,
        0.71875,
        0.728125,
        0.7171875,
        0.7125,
        0.715625,
        0.7171875,
        0.734375,
        0.7234375,
        0.7234375,
        0.7203125,
        0.7140625,
        0.725,
        0.7203125,
        0.7109375,
        0.734375,
        0.7125,
        0.7265625,
        0.721875,
        0.71875,
        0.7203125,
        0.7125,
        0.7265625,
        0.7234375,
        0.734375,
        0.725,
        0.728125,
        0.7171875,
        0.71875,
        0.71875,
        0.7140625,
        0.7203125
    ],