{
    "model_id": "596355dd-9293-4ecc-89eb-e04d67b701b0",
    "train_accuracy": [
        0.6109375,
        0.71171875,
        0.72734375,
        0.73984375,
        0.7703125,
        0.784765625,
        0.7765625,
        0.791796875,
        0.7953125,
        0.81796875,
        0.81484375,
        0.83046875,
        0.833203125,
        0.836328125,
        0.832421875,
        0.84375,
        0.848828125,
        0.858203125,
        0.855078125,
        0.86484375,
        0.869140625,
        0.872265625,
        0.879296875,
        0.887109375,
        0.878125,
        0.883203125,
        0.884375,
        0.889453125,
        0.89609375,
        0.892578125,
        0.89453125,
        0.895703125,
        0.909765625,
        0.9109375,
        0.908984375,
        0.90703125,
        0.918359375,
        0.902734375,
        0.921875,
        0.91875,
        0.933984375,
        0.93203125,
        0.9171875,
        0.923046875,
        0.924609375,
        0.920703125,
        0.926953125,
        0.932421875,
        0.9328125,
        0.93046875,
        0.926953125,
        0.92421875,
        0.924609375,
        0.9375,
        0.92890625,
        0.93828125,
        0.944921875,
        0.94140625,
        0.937890625,
        0.9390625,
        0.94140625,
        0.940234375,
        0.94453125,
        0.940625,
        0.9375,
        0.941015625,
        0.953515625,
        0.9453125,
        0.948046875,
        0.946875,
        0.950390625,
        0.94375,
        0.951171875,
        0.954296875,
        0.95546875,
        0.9578125,
        0.95234375,
        0.9546875,
        0.95703125,
        0.9484375,
        0.95625,
        0.948046875,
        0.946875,
        0.944921875,
        0.95625,
        0.95625,
        0.951953125,
        0.94765625,
        0.9640625,
        0.96015625,
        0.9625,
        0.96328125,
        0.953125,
        0.961328125,
        0.964453125,
        0.95703125,
        0.94453125,
        0.965234375,
        0.95390625,
        0.9625
    ],
    "train_loss": [
        0.03339085285551846,
        0.028064953302964567,
        0.02737776223802939,
        0.02584318924928084,
        0.024596482061315327,
        0.02325468909693882,
        0.02310493544791825,
        0.02195419276249595,
        0.021498571132542565,
        0.020085727551486344,
        0.01983015764853917,
        0.01925068871350959,
        0.018579037796007468,
        0.01833245746092871,
        0.017989678657613695,
        0.01804952829843387,
        0.01727392091997899,
        0.01617049503256567,
        0.016461544577032326,
        0.015339524127193726,
        0.015570329685579054,
        0.015406155373784713,
        0.014132175053237005,
        0.013971837007557043,
        0.014534591528354212,
        0.013654664681234862,
        0.013470123076695017,
        0.012849918806750793,
        0.012915225315373391,
        0.012013500946341082,
        0.01288591874181293,
        0.012288959808938672,
        0.011044195521390066,
        0.010948837276373524,
        0.011204008599452208,
        0.011000334650452715,
        0.010530483713955619,
        0.011001195730932523,
        0.009774393404950388,
        0.01015664644583012,
        0.008718968027824302,
        0.009065590663522017,
        0.009932233905419707,
        0.009504715583170764,
        0.009603459717618534,
        0.009884512083954178,
        0.008605684249050682,
        0.00834214094284107,
        0.00870487748325104,
        0.008623875460034468,
        0.009117138769943267,
        0.009415595910104458,
        0.009633797597780358,
        0.008450066456498461,
        0.008645080935093575,
        0.00798311153484974,
        0.007945487150936969,
        0.007501934504398377,
        0.008015481694019399,
        0.007719792428179062,
        0.007290824281881214,
        0.00823606254562037,
        0.0074731236811203415,
        0.007465747024252778,
        0.0071893864504090745,
        0.007225907768952311,
        0.0062617950195999585,
        0.007191542963846586,
        0.006656909245430142,
        0.006620653362915618,
        0.006632500790146878,
        0.007380672081126249,
        0.0067265788584336406,
        0.005579138856955978,
        0.005658755002514226,
        0.005545704709038546,
        0.006023327580987825,
        0.006232869611267233,
        0.005597172815032536,
        0.007038193739572307,
        0.00554270584070764,
        0.006805705498663883,
        0.006650100815750193,
        0.007001923427742441,
        0.0061954560351296095,
        0.006689577257384371,
        0.006525426104235521,
        0.006486028599829297,
        0.0049538335691977405,
        0.005373097561096074,
        0.004895832150396018,
        0.005250628399335255,
        0.006250236461164604,
        0.0052520682613248935,
        0.004963879646675195,
        0.005199751150576049,
        0.006993336309460574,
        0.004685503074597364,
        0.005985053115728079,
        0.005413090730144177
    ],
    "val_accuracy": [
        0.690625,
        0.7109375,
        0.728125,
        0.7375,
        0.7359375,
        0.73125,
        0.7390625,
        0.7171875,
        0.728125,
        0.74375,
        0.73125,
        0.725,
        0.7328125,
        0.7421875,
        0.7421875,
        0.7359375,
        0.740625,
        0.74375,
        0.740625,
        0.7265625,
        0.7328125,
        0.734375,
        0.725,
        0.7234375,
        0.73125,
        0.740625,
        0.7328125,
        0.7265625,
        0.7421875,
        0.7296875,
        0.725,
        0.7296875,
        0.7203125,
        0.715625,
        0.728125,
        0.728125,
        0.7265625,
        0.7234375,
        0.7265625,
        0.734375,
        0.734375,
        0.7328125,
        0.725,
        0.709375,
        0.7453125,
        0.7375,
        0.7328125,
        0.725,
        0.7296875,
        0.7296875,
        0.715625,
        0.7140625,
        0.73125,
        0.7109375,
        0.7234375,
        0.7171875,
        0.73125,
        0.7015625,
        0.71875,
        0.721875,
        0.71875,
        0.709375,
        0.7203125,
        0.7046875,
        0.71875,
        0.721875,
        0.728125,
        0.715625,
        0.721875,
        0.721875,
        0.715625,
        0.7171875,
        0.7171875,
        0.71875,
        0.7078125,
        0.721875,
        0.715625,
        0.709375,
        0.7171875,
        0.7203125,
        0.7171875,
        0.728125,
        0.71875,
        0.728125,
        0.728125,
        0.7234375,
        0.7125,
        0.721875,
        0.7328125,
        0.7234375,
        0.725,
        0.7328125,
        0.7234375,
        0.721875,
        0.7359375,
        0.7078125,
        0.7046875,
        0.709375,
        0.721875,
        0.7140625
    ],