{
    "model_id": "7bf4fdea-9efd-475a-93d3-902fbea71caa",
    "train_accuracy": [
        0.523046875,
        0.545703125,
        0.57265625,
        0.58828125,
        0.594921875,
        0.6046875,
        0.6078125,
        0.616015625,
        0.638671875,
        0.64453125,
        0.65703125,
        0.65703125,
        0.661328125,
        0.67265625,
        0.674609375,
        0.680859375,
        0.68359375,
        0.676953125,
        0.6890625,
        0.705078125,
        0.70625,
        0.708984375,
        0.70859375,
        0.7046875,
        0.7140625,
        0.71796875,
        0.71796875,
        0.719140625,
        0.72421875,
        0.73046875,
        0.73671875,
        0.733203125,
        0.728125,
        0.73828125,
        0.736328125,
        0.75546875,
        0.73828125,
        0.744921875,
        0.738671875,
        0.7515625,
        0.75390625,
        0.7546875,
        0.7640625,
        0.74765625,
        0.757421875,
        0.75703125,
        0.763671875,
        0.7609375,
        0.777734375,
        0.762890625,
        0.768359375,
        0.759375,
        0.76640625,
        0.7734375,
        0.769140625,
        0.7734375,
        0.77578125,
        0.775,
        0.78125,
        0.7734375,
        0.783203125,
        0.780078125,
        0.788671875,
        0.79765625,
        0.787109375,
        0.782421875,
        0.79140625,
        0.814453125,
        0.79609375,
        0.790234375,
        0.792578125,
        0.7921875,
        0.791015625,
        0.7953125,
        0.80078125,
        0.80625,
        0.805859375,
        0.799609375,
        0.802734375,
        0.802734375,
        0.809375,
        0.8140625,
        0.813671875,
        0.824609375,
        0.808984375,
        0.80859375,
        0.81328125,
        0.808984375,
        0.81171875,
        0.81953125,
        0.820703125,
        0.81875,
        0.821875,
        0.8171875,
        0.826171875,
        0.83359375,
        0.83046875,
        0.825,
        0.83046875,
        0.831640625
    ],
    "train_loss": [
        0.007580313924700021,
        0.00741957020945847,
        0.007107644202187657,
        0.0070007276255637406,
        0.006878871447406709,
        0.0067899724235758185,
        0.006642454769462347,
        0.006600765814073384,
        0.006557496194727719,
        0.006376525876112283,
        0.006319408630952239,
        0.006337972381152213,
        0.0062327511375769975,
        0.006139418575912714,
        0.006096464418806136,
        0.006066734215710312,
        0.005951466900296509,
        0.006033489340916276,
        0.0059633271535858515,
        0.005834739422425628,
        0.00584144979948178,
        0.005698338174261153,
        0.00580122850369662,
        0.005679297517053783,
        0.005652878037653864,
        0.0056861989083699885,
        0.00552057937020436,
        0.005561836936976761,
        0.005511229287367314,
        0.0054807671695016325,
        0.005325153400190174,
        0.0053885206463746725,
        0.005380057310685515,
        0.005313827481586486,
        0.00532215628772974,
        0.0051351967151276766,
        0.005252575082704425,
        0.005196275806520134,
        0.005282628419809044,
        0.005092750594485551,
        0.005183060374110937,
        0.00511951205553487,
        0.004927381034940481,
        0.005107591906562447,
        0.004979834775440395,
        0.005036995059344918,
        0.0049383809557184575,
        0.004993818502407521,
        0.0047993716085329655,
        0.004987626802176237,
        0.004838828172069043,
        0.004906290222425014,
        0.004897053516469896,
        0.004742537229321897,
        0.004788526659831404,
        0.004840674111619592,
        0.004674362344667315,
        0.004677487933076918,
        0.0046643941546790305,
        0.004671153391245753,
        0.004577892704401165,
        0.004621642851270735,
        0.004622571298386902,
        0.00449472083710134,
        0.004553699598181993,
        0.004579792078584432,
        0.004482279322110117,
        0.004275888088159263,
        0.004348307021427899,
        0.0043919005780480806,
        0.004522589850239456,
        0.00443051818292588,
        0.004472608573269099,
        0.00438297230284661,
        0.004362640215549618,
        0.004206276556942612,
        0.0043203130713664,
        0.00422335701296106,
        0.004252705990802496,
        0.004313836013898254,
        0.004132348857820034,
        0.004112722119316459,
        0.004127180844079703,
        0.004021071095485241,
        0.004051802749745548,
        0.004201409930828959,
        0.00404556228313595,
        0.004139426827896387,
        0.004118190577719361,
        0.004075499076861888,
        0.004013859562110156,
        0.004042460629716515,
        0.0038543400238268077,
        0.004015698423609137,
        0.003909931890666485,
        0.00388597542187199,
        0.0038080168538726865,
        0.0039009093889035285,
        0.003851589048281312,
        0.0037466296693310142
    ],
    "val_accuracy": [
        0.48125,
        0.5875,
        0.64375,
        0.646875,
        0.64375,
        0.6484375,
        0.6515625,
        0.6546875,
        0.6515625,
        0.65,
        0.65625,
        0.6578125,
        0.6671875,
        0.665625,
        0.6671875,
        0.675,
        0.6765625,
        0.675,
        0.6765625,
        0.678125,
        0.6859375,
        0.6828125,
        0.684375,
        0.6875,
        0.6859375,
        0.6875,
        0.6875,
        0.6953125,
        0.6921875,
        0.7015625,
        0.696875,
        0.7078125,
        0.7046875,
        0.7046875,
        0.70625,
        0.709375,
        0.70625,
        0.709375,
        0.70625,
        0.709375,
        0.709375,
        0.709375,
        0.7140625,
        0.709375,
        0.709375,
        0.7140625,
        0.7140625,
        0.715625,
        0.715625,
        0.7125,
        0.7171875,
        0.7171875,
        0.7203125,
        0.7171875,
        0.7171875,
        0.71875,
        0.7171875,
        0.7203125,
        0.721875,
        0.71875,
        0.721875,
        0.7203125,
        0.7234375,
        0.7234375,
        0.721875,
        0.7203125,
        0.721875,
        0.721875,
        0.7203125,
        0.7234375,
        0.7296875,
        0.725,
        0.7234375,
        0.71875,
        0.7203125,
        0.721875,
        0.7203125,
        0.7171875,
        0.721875,
        0.7203125,
        0.7234375,
        0.721875,
        0.7234375,
        0.7234375,
        0.721875,
        0.7203125,
        0.721875,
        0.7234375,
        0.71875,
        0.7203125,
        0.71875,
        0.7125,
        0.715625,
        0.725,
        0.7234375,
        0.7234375,
        0.725,
        0.715625,
        0.7171875,
        0.715625
    ],