{
    "model_id": "c0e72ca8-9440-4ec4-afce-dfd6314206a8",
    "train_accuracy": [
        0.573828125,
        0.680078125,
        0.716796875,
        0.72265625,
        0.7609375,
        0.752734375,
        0.77109375,
        0.780859375,
        0.801171875,
        0.8125,
        0.805859375,
        0.8203125,
        0.82734375,
        0.83828125,
        0.856640625,
        0.849609375,
        0.86015625,
        0.8578125,
        0.86953125,
        0.873046875,
        0.8734375,
        0.87265625,
        0.889453125,
        0.892578125,
        0.894140625,
        0.896484375,
        0.90390625,
        0.898828125,
        0.912890625,
        0.90234375,
        0.925390625,
        0.9125,
        0.916015625,
        0.920703125,
        0.92890625,
        0.92421875,
        0.926953125,
        0.933984375,
        0.93203125,
        0.93203125,
        0.93828125,
        0.9375,
        0.95,
        0.9421875,
        0.946484375,
        0.950390625,
        0.944140625,
        0.954296875,
        0.9515625,
        0.954296875,
        0.9546875,
        0.953515625,
        0.96015625,
        0.954296875,
        0.95234375,
        0.960546875,
        0.962109375,
        0.966015625,
        0.9671875,
        0.96015625,
        0.962109375,
        0.961328125,
        0.965625,
        0.96484375,
        0.96875,
        0.966796875,
        0.9609375,
        0.966796875,
        0.9671875,
        0.978125,
        0.966015625,
        0.971875,
        0.97109375,
        0.9671875,
        0.973828125,
        0.9671875,
        0.971875,
        0.98046875,
        0.97109375,
        0.9671875,
        0.973046875,
        0.974609375,
        0.974609375,
        0.97890625,
        0.976953125,
        0.96953125,
        0.9796875,
        0.975,
        0.978125,
        0.986328125,
        0.97734375,
        0.977734375,
        0.978125,
        0.9828125,
        0.97578125,
        0.978515625,
        0.97578125,
        0.9796875,
        0.97890625,
        0.9796875
    ],
    "train_loss": [
        0.006964496965520084,
        0.006139668356627226,
        0.0056393277831375595,
        0.005451495968736708,
        0.005120577302295715,
        0.005044018838088959,
        0.0048285202239640055,
        0.004653084219899029,
        0.0043776247766800225,
        0.004202797263860703,
        0.0042234016582369804,
        0.003952596266753971,
        0.003902105730958283,
        0.0036771596875041722,
        0.0034636373282410206,
        0.0034835770493373275,
        0.00339818955399096,
        0.0032725091557949783,
        0.003174894873518497,
        0.0028895586205180735,
        0.002973963675322011,
        0.0028503709298092874,
        0.002734602725831792,
        0.0025844442541711034,
        0.0025472631386946887,
        0.0024407849938143044,
        0.002386626088991761,
        0.0024333442619536073,
        0.0022793276730226353,
        0.002358215692220256,
        0.0019128699495922774,
        0.0021355747856432574,
        0.0020594317873474212,
        0.0020614914043108,
        0.001841223522205837,
        0.001912001453456469,
        0.001829053499386646,
        0.0016920399852097035,
        0.0017057008255505935,
        0.001751179835991934,
        0.0016355373285477982,
        0.0016104890324641018,
        0.0014031585800694303,
        0.001490949932485819,
        0.0013897299126256258,
        0.001374701291206293,
        0.0014059662687941454,
        0.0012824712859583088,
        0.0013044601771980524,
        0.001151970239880029,
        0.0012405654531903564,
        0.00122321085218573,
        0.00114876271400135,
        0.001189403375610709,
        0.0011851097486214712,
        0.0010861747286980972,
        0.0010270971935824492,
        0.0009338165866211057,
        0.0008805187317193486,
        0.0010616605970426463,
        0.0009546136498101987,
        0.000982105775619857,
        0.0010054730519186705,
        0.0009183722009765916,
        0.0008785777739831246,
        0.0008712252660188824,
        0.0010243519180221483,
        0.000843698087555822,
        0.00088846403741627,
        0.0006431460948078893,
        0.0008495796777424402,
        0.000754835362022277,
        0.0007892721761891153,
        0.000845174037385732,
        0.0007108189704013057,
        0.0008585301475250162,
        0.0007093575775797944,
        0.0005170128781173844,
        0.0007412578122966806,
        0.0007464227121090517,
        0.0006089348938985495,
        0.0008013832943106536,
        0.0007432702441292349,
        0.00067145151188015,
        0.000554111615565489,
        0.0007805959568941035,
        0.0005836346645082813,
        0.0007441366658895276,
        0.0005569157183344942,
        0.0005037045011704322,
        0.0007082254211127293,
        0.0006308873809757643,
        0.0006498212780570612,
        0.00051392464156379,
        0.0006506997749966103,
        0.0006131372429081239,
        0.0006080154569644946,
        0.0005897037961403839,
        0.0005480530599015765,
        0.0005559730510867666
    ],
    "val_accuracy": [
        0.4828125,
        0.4875,
        0.6703125,
        0.725,
        0.7203125,
        0.7265625,
        0.7375,
        0.7359375,
        0.725,
        0.7203125,
        0.721875,
        0.71875,
        0.728125,
        0.725,
        0.728125,
        0.728125,
        0.71875,
        0.728125,
        0.7265625,
        0.7265625,
        0.7328125,
        0.728125,
        0.7296875,
        0.725,
        0.7265625,
        0.7359375,
        0.7203125,
        0.73125,
        0.7234375,
        0.7328125,
        0.73125,
        0.740625,
        0.740625,
        0.7375,
        0.721875,
        0.7234375,
        0.740625,
        0.734375,
        0.734375,
        0.7265625,
        0.7375,
        0.7359375,
        0.73125,
        0.728125,
        0.7265625,
        0.73125,
        0.734375,
        0.7375,
        0.7296875,
        0.7265625,
        0.721875,
        0.7296875,
        0.7328125,
        0.7359375,
        0.740625,
        0.7328125,
        0.7296875,
        0.7265625,
        0.7296875,
        0.740625,
        0.728125,
        0.7234375,
        0.7296875,
        0.7234375,
        0.7296875,
        0.7296875,
        0.7296875,
        0.715625,
        0.7296875,
        0.740625,
        0.728125,
        0.7328125,
        0.7390625,
        0.7359375,
        0.7421875,
        0.7390625,
        0.7328125,
        0.7375,
        0.725,
        0.740625,
        0.7359375,
        0.734375,
        0.734375,
        0.725,
        0.73125,
        0.740625,
        0.7328125,
        0.73125,
        0.740625,
        0.7375,
        0.7328125,
        0.7328125,
        0.740625,
        0.73125,
        0.73125,
        0.734375,
        0.73125,
        0.7375,
        0.7328125,
        0.734375
    ],