{
    "model_id": "c0887bc9-6387-4643-b0e4-bff6ba08afe9",
    "train_accuracy": [
        0.49765625,
        0.590625,
        0.6625,
        0.7234375,
        0.767578125,
        0.78828125,
        0.83046875,
        0.859375,
        0.878515625,
        0.897265625,
        0.903515625,
        0.929296875,
        0.9359375,
        0.95,
        0.951953125,
        0.960546875,
        0.96484375,
        0.96875,
        0.96796875,
        0.971875,
        0.976171875,
        0.97578125,
        0.98046875,
        0.98046875
    ],
    "train_loss": [
        0.008659903588704766,
        0.008464525290764868,
        0.00808103522285819,
        0.007451965147629381,
        0.0066211120574735105,
        0.0061051492230035365,
        0.005271488090511411,
        0.004707812319975346,
        0.004356218094471842,
        0.0038822865870315583,
        0.003562891203910112,
        0.003042637498583645,
        0.002761646523140371,
        0.002312807331327349,
        0.002237916842568666,
        0.001950296584982425,
        0.001855810300912708,
        0.0016563830868108198,
        0.001601439158548601,
        0.0014910911777406,
        0.001318480736517813,
        0.0013134707522112876,
        0.0011476775456685574,
        0.0010684357788704802
    ],
    "val_accuracy": [
        0.540625,
        0.6734375,
        0.665625,
        0.725,
        0.7421875,
        0.7515625,
        0.7421875,
        0.7515625,
        0.759375,
        0.753125,
        0.7546875,
        0.753125,
        0.7578125,
        0.7671875,
        0.765625,
        0.759375,
        0.7640625,
        0.765625,
        0.76875,
        0.75,
        0.7546875,
        0.76875,
        0.7640625,
        0.7609375
    ],
    "val_loss": [
        0.008642721362411976,
        0.00835792552679777,
        0.008027948532253503,
        0.007121464004740119,
        0.006738619599491358,
        0.006512575363740325,
        0.006712802080437541,
        0.006616754084825515,
        0.006845765048637986,
        0.006979160942137241,
        0.007127685146406293,
        0.007337633194401861,
        0.007547445967793465,
        0.007676694495603442,
        0.0077729087322950365,
        0.008215592242777348,
        0.008181295916438102,
        0.00824971036054194,
        0.008358954545110464,
        0.008901526872068643,
        0.009070804156363011,
        0.008984289970248938,
        0.00921846115961671,
        0.009386797063052654
    ],
    "hyperparameters": {
        "learning_rate": 5e-06,
        "num_epochs": 24,
        "batch_size": 80,
        "max_len": 150
    },
    "results": {
        "classes": 2,
        "last_acc": 0.7609375,
        "best_acc": 0.76875,
        "best_acc_epoch": 18,
        "confusion_matrix": [
            [
                262,
                69
            ],
            [
                79,
                230
            ]
        ],
        "classification_report": "              precision    recall  f1-score   support\n\n     Class 0       0.79      0.73      0.76       331\n     Class 1       0.73      0.80      0.76       309\n\n    accuracy                           0.76       640\n   macro avg       0.76      0.76      0.76       640\nweighted avg       0.76      0.76      0.76       640\n"
    }
}