{
    "model_id": "97fd9ca1-e6ec-4090-acd6-e40911ff687c",
    "train_accuracy": [
        0.5828125,
        0.749609375,
        0.848046875,
        0.9296875,
        0.97578125,
        0.987890625,
        0.994921875,
        0.996875,
        0.99765625,
        0.976171875,
        0.99140625,
        0.998046875,
        0.996875,
        0.998828125,
        0.99921875,
        0.998828125,
        0.9984375,
        0.994921875,
        0.997265625,
        0.998046875,
        0.996875,
        0.998828125,
        1.0,
        1.0
    ],
    "train_loss": [
        0.00851541270967573,
        0.006745260185562074,
        0.004549198126187548,
        0.0024139637243933976,
        0.001081170431280043,
        0.0005253263840131695,
        0.0002844974498657393,
        0.0001468040080908395,
        0.00011909225058843731,
        0.000949574298101652,
        0.0002588567974271427,
        7.912307528386009e-05,
        0.000153994442689509,
        5.99141290422267e-05,
        5.322198703652248e-05,
        5.894720909509488e-05,
        8.895828291315411e-05,
        0.0001740487417919212,
        0.00010586958862859319,
        9.323532615326257e-05,
        0.00010358545371218497,
        4.129462438413611e-05,
        8.66239474817121e-06,
        7.685455489081506e-06
    ],
    "val_accuracy": [
        0.7234375,
        0.7265625,
        0.7828125,
        0.78125,
        0.784375,
        0.7921875,
        0.7875,
        0.8,
        0.7859375,
        0.771875,
        0.7890625,
        0.79375,
        0.7859375,
        0.7796875,
        0.790625,
        0.7953125,
        0.7828125,
        0.78125,
        0.7796875,
        0.775,
        0.7796875,
        0.7890625,
        0.784375,
        0.790625
    ],
    "val_loss": [
        0.007889020349830389,
        0.006660138675943017,
        0.005584507016465068,
        0.007159683154895902,
        0.008657898241654038,
        0.008907930739223958,
        0.009781543165445328,
        0.011138381995260715,
        0.012572987284511328,
        0.010275585576891899,
        0.012198189832270145,
        0.011723386868834496,
        0.013030199520289897,
        0.013116173911839724,
        0.012699861265718936,
        0.013839441258460284,
        0.01366132339462638,
        0.013196032587438821,
        0.014196272380650044,
        0.013945771753787995,
        0.012992027495056391,
        0.014163804519921542,
        0.014803150855004787,
        0.015331592597067355
    ],
    "hyperparameters": {
        "learning_rate": 5e-05,
        "num_epochs": 24,
        "batch_size": 80,
        "max_len": 150
    },
    "results": {
        "classes": 2,
        "last_acc": 0.790625,
        "best_acc": 0.8,
        "best_acc_epoch": 7,
        "confusion_matrix": [
            [
                277,
                54
            ],
            [
                74,
                235
            ]
        ],
        "classification_report": "              precision    recall  f1-score   support\n\n     Class 0       0.79      0.82      0.80       331\n     Class 1       0.79      0.76      0.78       309\n\n    accuracy                           0.79       640\n   macro avg       0.79      0.79      0.79       640\nweighted avg       0.79      0.79      0.79       640\n"
    }
}