{
    "model_id": "b1d59ff0-5297-44b4-a60b-2b9c6704cd39",
    "train_accuracy": [
        0.49765625,
        0.4984375,
        0.509765625,
        0.55078125,
        0.58359375,
        0.641015625,
        0.6734375,
        0.689453125,
        0.715625,
        0.719921875,
        0.726171875,
        0.73828125,
        0.741796875,
        0.75078125,
        0.758203125,
        0.768359375,
        0.764453125,
        0.7765625,
        0.780859375,
        0.79375,
        0.803125,
        0.804296875,
        0.8140625,
        0.8203125
    ],
    "train_loss": [
        0.014091837452724576,
        0.014029652206227183,
        0.01389368218369782,
        0.013625354133546352,
        0.013428844464942812,
        0.013070374727249146,
        0.012643166235648096,
        0.012328180321492254,
        0.011774538876488804,
        0.011619554227218032,
        0.011429464735556394,
        0.011152757203672082,
        0.010873573215212673,
        0.010714575066231191,
        0.010348488145973533,
        0.010159645322710275,
        0.010105382441543043,
        0.009832503867801278,
        0.009698342846240849,
        0.009522250748705118,
        0.009296389413066208,
        0.008992738637607545,
        0.00882931062951684,
        0.008463556738570332
    ],
    "val_accuracy": [
        0.5171875,
        0.5171875,
        0.51875,
        0.6140625,
        0.7078125,
        0.71875,
        0.7234375,
        0.7296875,
        0.7234375,
        0.71875,
        0.7265625,
        0.734375,
        0.734375,
        0.7359375,
        0.74375,
        0.75,
        0.7546875,
        0.7609375,
        0.7609375,
        0.765625,
        0.7703125,
        0.7765625,
        0.7953125,
        0.7890625
    ],
    "val_loss": [
        0.014077186025679112,
        0.013990139868110419,
        0.013575130235403776,
        0.01321962932124734,
        0.012771564815193415,
        0.012147411983460189,
        0.01181986341252923,
        0.011541632609441877,
        0.011261090077459813,
        0.01111775920726359,
        0.01106804795563221,
        0.010993554908782243,
        0.010866224160417914,
        0.010721248993650078,
        0.010604033712297678,
        0.01036350466310978,
        0.010363370692357422,
        0.010285887867212296,
        0.01005668011493981,
        0.009871683083474636,
        0.009706690907478333,
        0.009539627563208341,
        0.009376264456659556,
        0.009256133157759906
    ],
    "hyperparameters": {
        "learning_rate": 1e-06,
        "num_epochs": 24,
        "batch_size": 50,
        "max_len": 150
    },
    "results": {
        "classes": 2,
        "last_acc": 0.7890625,
        "best_acc": 0.7953125,
        "best_acc_epoch": 22,
        "confusion_matrix": [
            [
                283,
                48
            ],
            [
                83,
                226
            ]
        ],
        "classification_report": "              precision    recall  f1-score   support\n\n     Class 0       0.76      0.87      0.81       331\n     Class 1       0.83      0.70      0.76       309\n\n    accuracy                           0.79       640\n   macro avg       0.80      0.79      0.79       640\nweighted avg       0.79      0.79      0.79       640\n"
    }
}