{
    "model_id": "8d3481ec-85aa-41ea-9174-be8bc42fb5a5",
    "train_accuracy": [
        0.509375,
        0.629296875,
        0.726171875,
        0.762890625,
        0.82421875,
        0.86640625,
        0.9015625,
        0.92890625,
        0.9515625,
        0.9625,
        0.96484375,
        0.9734375,
        0.980078125,
        0.980859375,
        0.984375,
        0.982421875,
        0.98359375,
        0.986328125,
        0.9859375,
        0.98671875,
        0.987109375,
        0.9875,
        0.98671875,
        0.985546875
    ],
    "train_loss": [
        0.008784965006634593,
        0.008364978316240012,
        0.0075214608572423455,
        0.006435389316175133,
        0.005422829417511821,
        0.004401107330340892,
        0.0037270911037921906,
        0.0029792878951411693,
        0.002220877161016688,
        0.0018723532586591319,
        0.0016160713072167709,
        0.0014024825984961353,
        0.0011848649621242658,
        0.001033602049574256,
        0.00093319254956441,
        0.0009208427960402332,
        0.0008434434494120069,
        0.0007365293626207858,
        0.0007172612102294806,
        0.0006776519931008806,
        0.0006527140809339471,
        0.0005897352082683937,
        0.0005938253274507588,
        0.0006251943526876857
    ],
    "val_accuracy": [
        0.546875,
        0.6921875,
        0.7359375,
        0.746875,
        0.7671875,
        0.765625,
        0.765625,
        0.7765625,
        0.7671875,
        0.765625,
        0.78125,
        0.7640625,
        0.7828125,
        0.76875,
        0.778125,
        0.778125,
        0.7828125,
        0.784375,
        0.7703125,
        0.7734375,
        0.7734375,
        0.7640625,
        0.775,
        0.775
    ],
    "val_loss": [
        0.008641682751476764,
        0.008125566132366657,
        0.00702407555654645,
        0.006654935609549284,
        0.006437048316001892,
        0.006633128831163048,
        0.006966079259291292,
        0.00669838092289865,
        0.007280237693339586,
        0.007749282335862517,
        0.008018338354304433,
        0.008323053084313869,
        0.008440295420587062,
        0.009152473136782645,
        0.009216010989621281,
        0.00956826531328261,
        0.009883248433470725,
        0.009875831473618746,
        0.01021490772254765,
        0.010309993661940098,
        0.010090034874156117,
        0.010407150071114302,
        0.010664304159581662,
        0.011044169310480356
    ],
    "hyperparameters": {
        "learning_rate": 1e-05,
        "num_epochs": 24,
        "batch_size": 80,
        "max_len": 150
    },
    "results": {
        "classes": 2,
        "last_acc": 0.775,
        "best_acc": 0.784375,
        "best_acc_epoch": 17,
        "confusion_matrix": [
            [
                283,
                48
            ],
            [
                90,
                219
            ]
        ],
        "classification_report": "              precision    recall  f1-score   support\n\n     Class 0       0.75      0.85      0.80       331\n     Class 1       0.81      0.69      0.75       309\n\n    accuracy                           0.78       640\n   macro avg       0.78      0.77      0.77       640\nweighted avg       0.78      0.78      0.77       640\n"
    }
}