{
    "model_id": "1e47746b-31ea-4297-aada-f093e7f573bb",
    "train_accuracy": [
        0.58984375,
        0.66484375,
        0.710546875,
        0.712890625,
        0.73359375,
        0.74765625,
        0.751953125,
        0.75625,
        0.76328125,
        0.763671875,
        0.778125,
        0.786328125,
        0.80078125,
        0.808984375,
        0.80625,
        0.79453125,
        0.8078125,
        0.819921875,
        0.82109375,
        0.83125,
        0.837890625,
        0.835546875,
        0.84296875,
        0.834765625,
        0.841015625,
        0.8484375,
        0.8625,
        0.85078125,
        0.8640625,
        0.859375,
        0.862890625,
        0.88359375,
        0.873046875,
        0.8796875,
        0.8734375,
        0.886328125,
        0.881640625,
        0.88984375,
        0.89765625,
        0.88671875,
        0.90078125,
        0.903125,
        0.89765625,
        0.901171875,
        0.899609375,
        0.90078125,
        0.903515625,
        0.914453125,
        0.905859375,
        0.90859375,
        0.91328125,
        0.919921875,
        0.925,
        0.905859375,
        0.926953125,
        0.915234375,
        0.9265625,
        0.922265625,
        0.9203125,
        0.9171875,
        0.929296875,
        0.932421875,
        0.93125,
        0.92265625,
        0.934765625,
        0.929296875,
        0.93984375,
        0.93515625,
        0.938671875,
        0.94296875,
        0.936328125,
        0.930078125,
        0.93515625,
        0.936328125,
        0.93046875,
        0.933203125,
        0.946484375,
        0.943359375,
        0.93984375,
        0.941015625,
        0.944921875,
        0.934765625,
        0.9375,
        0.94765625,
        0.951953125,
        0.951171875,
        0.94921875,
        0.9453125,
        0.946484375,
        0.942578125,
        0.947265625,
        0.95390625,
        0.94765625,
        0.95078125,
        0.951171875,
        0.95078125,
        0.948828125,
        0.959375,
        0.950390625,
        0.95390625
    ],
    "train_loss": [
        0.00692053958773613,
        0.006293554790318012,
        0.005819564941339195,
        0.0056707283947616816,
        0.005520932655781507,
        0.005234505690168589,
        0.005190158390905708,
        0.005150833947118372,
        0.004896816902328282,
        0.004973471025004983,
        0.004734647134318948,
        0.004703458060976118,
        0.004390429693739861,
        0.004336105741094798,
        0.00423429001821205,
        0.004337378300260752,
        0.00420349151827395,
        0.0040385520900599655,
        0.0039733035839162765,
        0.0037611143430694937,
        0.00371690618339926,
        0.0036583262728527187,
        0.0035567011567763985,
        0.0036815982894040644,
        0.003625662054400891,
        0.003527003736235201,
        0.0032555040961597115,
        0.0033217204094398768,
        0.0031985364679712803,
        0.003281105007044971,
        0.0032688831561245024,
        0.0028301378479227424,
        0.003020580019801855,
        0.002933236793614924,
        0.002830144891049713,
        0.0027800339681562035,
        0.0027313233877066523,
        0.0025590714532881973,
        0.002530363493133336,
        0.0025867386430036277,
        0.0024183241301216187,
        0.0024608844774775206,
        0.002479565783869475,
        0.0025036756705958396,
        0.0024728718912228943,
        0.0024765397305600346,
        0.0023137189040426166,
        0.0022172186989337208,
        0.002195745357312262,
        0.0022127844102215024,
        0.0021029077062848954,
        0.0018817936186678707,
        0.0020073431776836516,
        0.002334346709540114,
        0.001937819691374898,
        0.0021149307052837686,
        0.0019019089726498351,
        0.0019264727452537045,
        0.0019995832786662503,
        0.00190888496581465,
        0.0018979683431098239,
        0.0017568608018336818,
        0.0018294338718988002,
        0.0019128886866383254,
        0.0016759851423557848,
        0.0018024890188826248,
        0.001585963531397283,
        0.001673481598845683,
        0.0015694664587499573,
        0.0015796495048562066,
        0.0016306910722050816,
        0.0016454365249956027,
        0.0016660192952258513,
        0.0015301484614610671,
        0.001638700280454941,
        0.00168913762900047,
        0.0014200198551407085,
        0.0014260866242693736,
        0.001479342274251394,
        0.0015415849135024472,
        0.001423789997352287,
        0.0015441555413417518,
        0.001502450719999615,
        0.001368168563931249,
        0.0012926088442327456,
        0.001265028223133413,
        0.0014436299927183427,
        0.0013807430514134467,
        0.001358416088623926,
        0.0014209635701263323,
        0.0013510370248695836,
        0.0012502807774581015,
        0.001352843118365854,
        0.0014038671375601552,
        0.0011556451659998856,
        0.0012156174881965854,
        0.0012428928079316393,
        0.001131040896871127,
        0.0012705489876680075,
        0.001256090370588936
    ],
    "val_accuracy": [
        0.540625,
        0.703125,
        0.715625,
        0.7296875,
        0.7375,
        0.7359375,
        0.7328125,
        0.7359375,
        0.7296875,
        0.7265625,
        0.7265625,
        0.73125,
        0.734375,
        0.7296875,
        0.7359375,
        0.721875,
        0.71875,
        0.725,
        0.725,
        0.7296875,
        0.7359375,
        0.7296875,
        0.73125,
        0.7265625,
        0.7109375,
        0.715625,
        0.70625,
        0.7046875,
        0.703125,
        0.7125,
        0.7109375,
        0.7078125,
        0.709375,
        0.725,
        0.7203125,
        0.721875,
        0.7140625,
        0.7046875,
        0.7234375,
        0.7046875,
        0.7140625,
        0.715625,
        0.725,
        0.715625,
        0.7171875,
        0.71875,
        0.6984375,
        0.728125,
        0.715625,
        0.703125,
        0.715625,
        0.7046875,
        0.709375,
        0.7109375,
        0.69375,
        0.71875,
        0.715625,
        0.7046875,
        0.70625,
        0.7046875,
        0.709375,
        0.7109375,
        0.7171875,
        0.6984375,
        0.7078125,
        0.7,
        0.7015625,
        0.7015625,
        0.7078125,
        0.7046875,
        0.6921875,
        0.696875,
        0.7125,
        0.721875,
        0.7046875,
        0.7078125,
        0.7046875,
        0.69375,
        0.6953125,
        0.690625,
        0.6921875,
        0.6953125,
        0.7015625,
        0.69375,
        0.7078125,
        0.696875,
        0.696875,
        0.68125,
        0.7015625,
        0.6890625,
        0.69375,
        0.7,
        0.696875,
        0.6984375,
        0.70625,
        0.6921875,
        0.6828125,
        0.6765625,
        0.68125,
        0.6953125
    ],