{
    "model_id": "c8f23bce-32eb-449f-ad6d-0e42d910c6c6",
    "train_accuracy": [
        0.580859375,
        0.655078125,
        0.6859375,
        0.711328125,
        0.71796875,
        0.741015625,
        0.74296875,
        0.7515625,
        0.7515625,
        0.758984375,
        0.773828125,
        0.77734375,
        0.786328125,
        0.796484375,
        0.7859375,
        0.79921875,
        0.81875,
        0.820703125,
        0.818359375,
        0.825390625,
        0.81796875,
        0.83203125,
        0.833203125,
        0.834765625,
        0.8484375,
        0.853515625,
        0.853125,
        0.869140625,
        0.866015625,
        0.86328125
    ],
    "train_loss": [
        0.0070387107552960515,
        0.006413884786888957,
        0.006033600843511522,
        0.005803377856500447,
        0.005656982015352696,
        0.005264132039155811,
        0.005221766582690179,
        0.005166342330630869,
        0.005186797329224646,
        0.004971171438228339,
        0.00474114939570427,
        0.004707602225244046,
        0.004612720024306327,
        0.0044282272458076475,
        0.004478405928239226,
        0.004363235528580844,
        0.004103002930060029,
        0.004071593994740397,
        0.003985931631177664,
        0.003862666350323707,
        0.0039330121828243135,
        0.00389373442158103,
        0.0036427679820917546,
        0.0036760205053724348,
        0.0034463590534869583,
        0.003401888138614595,
        0.0033163756015710533,
        0.003234718897147104,
        0.0030944598489440977,
        0.0032402946264483033
    ],
    "val_accuracy": [
        0.6375,
        0.69375,
        0.6921875,
        0.7046875,
        0.7046875,
        0.7046875,
        0.7078125,
        0.7078125,
        0.7125,
        0.71875,
        0.71875,
        0.71875,
        0.715625,
        0.725,
        0.721875,
        0.7296875,
        0.725,
        0.734375,
        0.734375,
        0.7390625,
        0.734375,
        0.7453125,
        0.7125,
        0.721875,
        0.7203125,
        0.721875,
        0.7203125,
        0.725,
        0.7109375,
        0.7234375
    ],
    "val_loss": [
        0.00726536987349391,
        0.00664508892223239,
        0.006479158345609903,
        0.006412526313215494,
        0.006333661172538996,
        0.006334819924086332,
        0.0063515473157167435,
        0.00638824487105012,
        0.006324315536767244,
        0.0063011928927153345,
        0.006385361030697823,
        0.006374443275853991,
        0.006367531232535839,
        0.006390613410621882,
        0.006470639072358608,
        0.006455057300627232,
        0.006530592730268836,
        0.006514767045155167,
        0.006522585917264223,
        0.006599961966276169,
        0.006545353727415204,
        0.006615578383207321,
        0.006831843126565218,
        0.006897379364818335,
        0.0068395805545151235,
        0.006983150821179151,
        0.006980668008327484,
        0.007215364184230566,
        0.007314597442746163,
        0.007357284892350435
    ],
    "hyperparameters": {
        "learning_rate": 0.0005,
        "num_epochs": 30,
        "batch_size": 100,
        "stem_v": false,
        "pool_v": "mean",
        "norm_v": false,
        "dropout_rate": 0.5
    },
    "results": {
        "classes": 2,
        "last_acc": 0.7234375,
        "best_acc": 0.7453125,
        "best_acc_epoch": 21,
        "confusion_matrix": [
            [
                247,
                84
            ],
            [
                79,
                230
            ]
        ],
        "classification_report": "              precision    recall  f1-score   support\n\n     class 0       0.76      0.75      0.75       331\n     class 1       0.73      0.74      0.74       309\n\n    accuracy                           0.75       640\n   macro avg       0.75      0.75      0.75       640\nweighted avg       0.75      0.75      0.75       640\n"
    }
}