{
    "model_id": "8fe23a85-c5f4-4934-8f0a-ffe324d7fdf5",
    "train_accuracy": [
        0.18667699457784662,
        0.44384198295894656,
        0.6940356312935708,
        0.8721920991479474,
        0.9457784663051898,
        0.965143299767622,
        0.959721146398141,
        0.9721146398140976,
        0.9806351665375678,
        0.9845081332300543,
        0.9829589465530596,
        0.983733539891557,
        0.9868319132455461,
        0.9845081332300543,
        0.9829589465530596,
        0.9860573199070488,
        0.9883810999225406,
        0.9876065065840434,
        0.9876065065840434,
        0.9891556932610379,
        0.9876065065840434,
        0.9868319132455461,
        0.9883810999225406,
        0.9852827265685515,
        0.9891556932610379,
        0.9891556932610379,
        0.9930286599535244,
        0.9868319132455461,
        0.9891556932610379,
        0.9914794732765299,
        0.9876065065840434,
        0.9868319132455461,
        0.9899302865995352,
        0.9891556932610379,
        0.9876065065840434
    ],
    "train_loss": [
        0.08144033315290691,
        0.061472186877873404,
        0.03825185282298708,
        0.020266656666463146,
        0.010426617120006674,
        0.0066007176640650546,
        0.00636690286854549,
        0.00468663886437621,
        0.0034833511613211274,
        0.0022793836728615597,
        0.0027359744316034773,
        0.0026014688854718235,
        0.001972403154022397,
        0.001989701346549805,
        0.0020563824157830038,
        0.0014387808886582448,
        0.0014084830770512869,
        0.0013778477957317827,
        0.0013031856015131259,
        0.0012777380331107043,
        0.0012040384760159655,
        0.001211184329814245,
        0.0009901521469182879,
        0.0013001992949374787,
        0.0010590264357274396,
        0.0010619950308525786,
        0.0008961717274594016,
        0.001188460848110964,
        0.0010345883003423765,
        0.0009981244587859588,
        0.0009977792190946206,
        0.0009462949784694775,
        0.0011319561536286076,
        0.0010824502816555069,
        0.0010158149156709346
    ],
    "val_accuracy": [
        0.313915857605178,
        0.5631067961165048,
        0.6213592233009708,
        0.6407766990291263,
        0.6213592233009708,
        0.6310679611650486,
        0.6375404530744336,
        0.6148867313915858,
        0.6213592233009708,
        0.6343042071197411,
        0.6407766990291263,
        0.6472491909385113,
        0.6310679611650486,
        0.6407766990291263,
        0.6310679611650486,
        0.6213592233009708,
        0.6245954692556634,
        0.6407766990291263,
        0.6310679611650486,
        0.6375404530744336,
        0.6375404530744336,
        0.6343042071197411,
        0.6407766990291263,
        0.6407766990291263,
        0.6440129449838188,
        0.6343042071197411,
        0.6310679611650486,
        0.6375404530744336,
        0.6375404530744336,
        0.6440129449838188,
        0.6472491909385113,
        0.6375404530744336,
        0.6504854368932039,
        0.6181229773462783,
        0.6472491909385113
    ],
    "val_loss": [
        0.07550265912484969,
        0.05375529608680207,
        0.04922740494163291,
        0.04649144006006926,
        0.052631462276174795,
        0.060187006266757506,
        0.055604758096744325,
        0.061122959871508155,
        0.061511982220276276,
        0.06446490125748718,
        0.06709612033127967,
        0.06595842332901693,
        0.06762145503053388,
        0.06713913578817374,
        0.06992854423893308,
        0.07176212546894851,
        0.07278057151627772,
        0.07370361926871982,
        0.07209576950875686,
        0.07568348437837026,
        0.07701495473053077,
        0.0759721288403261,
        0.07799602287872709,
        0.07415723241262837,
        0.07615242459627417,
        0.07879838897186575,
        0.07915037407458407,
        0.07795609393937689,
        0.07933844717575123,
        0.07940255071738778,
        0.08081307148856252,
        0.0823965051413354,
        0.0800512452341592,
        0.08461409170650741,
        0.08517207181183652
    ],
    "hyperparameters": {
        "learning_rate": 5e-05,
        "num_epochs": 35,
        "batch_size": 25,
        "max_len": 150
    },
    "results": {
        "classes": 8,
        "last_acc": 0.6472491909385113,
        "best_acc": 0.6504854368932039,
        "best_acc_epoch": 32,
        "confusion_matrix": [
            [
                32,
                1,
                2,
                0,
                0,
                5,
                0,
                5
            ],
            [
                3,
                18,
                0,
                1,
                2,
                0,
                3,
                3
            ],
            [
                1,
                0,
                26,
                0,
                0,
                5,
                0,
                3
            ],
            [
                0,
                1,
                1,
                19,
                7,
                3,
                2,
                1
            ],
            [
                3,
                4,
                0,
                2,
                25,
                1,
                4,
                1
            ],
            [
                0,
                2,
                7,
                0,
                1,
                29,
                3,
                1
            ],
            [
                0,
                4,
                0,
                3,
                8,
                0,
                23,
                1
            ],
            [
                2,
                2,
                3,
                1,
                1,
                2,
                3,
                29
            ]
        ],
        "classification_report": "                           precision    recall  f1-score   support\n\n              flag_waving       0.78      0.71      0.74        45\nexaggeration,minimisation       0.56      0.60      0.58        30\ncausal_oversimplification       0.67      0.74      0.70        35\n    name_calling,labeling       0.73      0.56      0.63        34\n               repetition       0.57      0.62      0.60        40\n                    doubt       0.64      0.67      0.66        43\n          loaded_language       0.61      0.59      0.60        39\n appeal_to_fear_prejudice       0.66      0.67      0.67        43\n\n                 accuracy                           0.65       309\n                macro avg       0.65      0.65      0.65       309\n             weighted avg       0.66      0.65      0.65       309\n"
    }
}