{
    "model_id": "ccb211a9-0347-40b8-b7da-b4c325af7a6d",
    "train_accuracy": [
        0.1386522075910147,
        0.15027110766847404,
        0.16189000774593337,
        0.1680867544539117,
        0.168861347792409,
        0.19364833462432224,
        0.20061967467079783,
        0.21378776142525174,
        0.22695584817970565,
        0.238574748257165,
        0.24554608830364058,
        0.2525174283501162,
        0.2865995352439969,
        0.29434546862896976,
        0.3020914020139427,
        0.3144848954298993,
        0.33849728892331526,
        0.3563129357087529,
        0.343144848954299,
        0.343144848954299,
        0.3841982958946553,
        0.3841982958946553,
        0.4043377226955848,
        0.4337722695584818,
        0.43687064291247096,
        0.41518202943454685,
        0.46398140975987606,
        0.4601084430673896,
        0.44461657629744383,
        0.4903175832687839,
        0.5003872966692486,
        0.5104570100697134,
        0.5166537567776918,
        0.5096824167312161,
        0.5352439969016266,
        0.5329202168861348,
        0.546862896979086,
        0.5770720371804803,
        0.5793958171959721,
        0.56855151045701,
        0.5972114639814098,
        0.5902401239349342,
        0.616576297443842,
        0.6196746707978311,
        0.6096049573973664,
        0.6150271107668474,
        0.6390395042602633,
        0.6553059643687065,
        0.6475600309837335,
        0.6607281177381874,
        0.6707978311386522,
        0.6707978311386522,
        0.69713400464756,
        0.6940356312935708,
        0.710302091402014,
        0.7056545313710302,
        0.6963594113090628,
        0.7242447714949651,
        0.7095274980635167,
        0.731990704879938
    ],
    "train_loss": [
        0.08468913828837235,
        0.08392882153195619,
        0.08355562203065264,
        0.08308376562309118,
        0.08278008656017916,
        0.08208174164400463,
        0.08195736738806265,
        0.08130926664811894,
        0.08097465956146453,
        0.0806950621601226,
        0.0800958714865604,
        0.07967672183659537,
        0.07803432254436679,
        0.07776353998206366,
        0.07698498291160412,
        0.07588675315762379,
        0.07556195041174855,
        0.07393003765877414,
        0.07386787098382999,
        0.07315779591049916,
        0.07159646964645681,
        0.071297179165965,
        0.07022177997621615,
        0.0685919999706939,
        0.06840447563242302,
        0.0680759126691279,
        0.06615002251336226,
        0.06592621746033683,
        0.0658267824156722,
        0.06379273083669838,
        0.06337984119802367,
        0.06181647960388042,
        0.061152926440575066,
        0.06053710168503127,
        0.05980004477556319,
        0.059151936371505585,
        0.05811943775179957,
        0.05698617136266045,
        0.056800685955700626,
        0.0558895115516243,
        0.05532873627938197,
        0.05492740301638957,
        0.05309375388782953,
        0.052744563100506035,
        0.05218355938226654,
        0.05137903841773638,
        0.05017629697468741,
        0.049817126633860544,
        0.048830112267796336,
        0.04827472514463524,
        0.04741840003351201,
        0.04686409308871588,
        0.045906292616536136,
        0.04568860015603205,
        0.04475126573044048,
        0.044504448159732715,
        0.044303709319356246,
        0.043059095497929155,
        0.04242945733133164,
        0.04135002695618444
    ],
    "val_accuracy": [
        0.1650485436893204,
        0.17475728155339806,
        0.20388349514563106,
        0.23300970873786409,
        0.23948220064724918,
        0.24271844660194175,
        0.255663430420712,
        0.2815533980582524,
        0.2783171521035599,
        0.284789644012945,
        0.3268608414239482,
        0.3592233009708738,
        0.36893203883495146,
        0.36893203883495146,
        0.4077669902912621,
        0.3948220064724919,
        0.3948220064724919,
        0.4110032362459547,
        0.4174757281553398,
        0.42071197411003236,
        0.4336569579288026,
        0.44983818770226536,
        0.4401294498381877,
        0.44983818770226536,
        0.46601941747572817,
        0.4627831715210356,
        0.47572815533980584,
        0.4627831715210356,
        0.47572815533980584,
        0.47572815533980584,
        0.4919093851132686,
        0.4919093851132686,
        0.5048543689320388,
        0.5016181229773463,
        0.5242718446601942,
        0.517799352750809,
        0.5275080906148867,
        0.5210355987055016,
        0.5275080906148867,
        0.5372168284789643,
        0.5436893203883495,
        0.5436893203883495,
        0.5436893203883495,
        0.5533980582524272,
        0.5598705501618123,
        0.5598705501618123,
        0.5631067961165048,
        0.5663430420711975,
        0.5663430420711975,
        0.5792880258899676,
        0.5857605177993528,
        0.5825242718446602,
        0.5857605177993528,
        0.5889967637540453,
        0.5922330097087378,
        0.5792880258899676,
        0.5889967637540453,
        0.5922330097087378,
        0.5857605177993528,
        0.5857605177993528
    ],
    "val_loss": [
        0.08706604392783156,
        0.0865382361180574,
        0.0858992480923057,
        0.08527016639709473,
        0.08482251468214017,
        0.08433829812170232,
        0.0836005311182016,
        0.08295354951161012,
        0.08227063266976366,
        0.08162813857921118,
        0.08087824887828148,
        0.08010861248645967,
        0.0794140285658605,
        0.07852699725759069,
        0.07759864546334473,
        0.07675115576068174,
        0.0759150067579399,
        0.07511817367331496,
        0.07435241910631989,
        0.07364060809311357,
        0.07275164898931015,
        0.07198275833068156,
        0.07118816205984566,
        0.07038040377175538,
        0.06954204496056517,
        0.06877538571465748,
        0.06806820496000518,
        0.06731057900055326,
        0.06663006910614211,
        0.0658481290811088,
        0.065086522920232,
        0.06447664047907857,
        0.06386333221756525,
        0.0630944650921621,
        0.06243112982283904,
        0.0617960189924271,
        0.06116930682296506,
        0.06078504975945433,
        0.06017094831250632,
        0.059500130249072816,
        0.058906532799927545,
        0.05839349382517793,
        0.05788570970393307,
        0.057352894718207204,
        0.05668265765538879,
        0.05619569754523367,
        0.05578481244423629,
        0.0555299067188621,
        0.0549006990630264,
        0.05431008435375868,
        0.053856639993229344,
        0.05341784622291145,
        0.05303673817501871,
        0.052598046639204796,
        0.05215257984920613,
        0.051856520299386824,
        0.051440323826564556,
        0.05117476507297997,
        0.050784427949911566,
        0.050472268780458324
    ],
    "hyperparameters": {
        "learning_rate": 1e-06,
        "num_epochs": 60,
        "batch_size": 25,
        "max_len": 150
    },
    "results": {
        "classes": 8,
        "last_acc": 0.5857605177993528,
        "best_acc": 0.5922330097087378,
        "best_acc_epoch": 54,