{
    "model_id": "10944672-5cd1-4849-bb3b-3e079d933320",
    "train_accuracy": [
        0.555859375,
        0.649609375,
        0.690234375,
        0.715625,
        0.729296875,
        0.74765625,
        0.755078125,
        0.761328125,
        0.768359375,
        0.765234375,
        0.78046875,
        0.787109375,
        0.8046875,
        0.805859375,
        0.794140625,
        0.804296875,
        0.81328125,
        0.821484375,
        0.819140625,
        0.827734375,
        0.8265625,
        0.837109375,
        0.83671875,
        0.83984375,
        0.848046875,
        0.847265625,
        0.856640625,
        0.84609375,
        0.8609375,
        0.86484375
    ],
    "train_loss": [
        0.006988308182917536,
        0.006394680286757648,
        0.005980209843255579,
        0.005705531931016594,
        0.00547484119888395,
        0.005387778987642378,
        0.005163310328498483,
        0.005052858381532133,
        0.004897443961817771,
        0.004873577319085598,
        0.004762864741496742,
        0.004652834718581289,
        0.004396356176584959,
        0.00435846367618069,
        0.004385545640252531,
        0.004244544787798077,
        0.004204515274614096,
        0.003991601045709103,
        0.003920531028416008,
        0.0038972324691712856,
        0.003727232210803777,
        0.0037813919712789356,
        0.0036251763813197613,
        0.0036971909168642013,
        0.0034758936672005802,
        0.0035279007512144744,
        0.0033311454928480087,
        0.003352802252629772,
        0.003304580389522016,
        0.003173946181777865
    ],
    "val_accuracy": [
        0.5765625,
        0.684375,
        0.678125,
        0.703125,
        0.709375,
        0.7109375,
        0.7203125,
        0.728125,
        0.7203125,
        0.71875,
        0.715625,
        0.7234375,
        0.7140625,
        0.7203125,
        0.7265625,
        0.7296875,
        0.7328125,
        0.71875,
        0.7265625,
        0.734375,
        0.7234375,
        0.7375,
        0.7125,
        0.715625,
        0.71875,
        0.71875,
        0.7140625,
        0.7109375,
        0.715625,
        0.7109375
    ],
    "val_loss": [
        0.007360701821744442,
        0.006685563828796148,
        0.006475715152919293,
        0.00637062219902873,
        0.006343789491802454,
        0.0063377405982464555,
        0.006327000446617603,
        0.006309823086485267,
        0.006270325742661953,
        0.006266609998419881,
        0.006277393875643611,
        0.00632665902376175,
        0.00640459954738617,
        0.006435745442286134,
        0.00641550337895751,
        0.006473754392936825,
        0.006510479236021638,
        0.0066814285703003405,
        0.006646927772089839,
        0.0067376509308815,
        0.006736768409609795,
        0.006820121314376593,
        0.006980932736769319,
        0.00702429972589016,
        0.006879694992676377,
        0.006991242058575153,
        0.00706472871825099,
        0.007022003643214703,
        0.0071424410678446295,
        0.007218507397919893
    ],
    "hyperparameters": {
        "learning_rate": 0.0005,
        "num_epochs": 30,
        "batch_size": 100,
        "stem_v": false,
        "pool_v": "mean",
        "norm_v": false,
        "dropout_rate": 0.5
    },
    "results": {
        "classes": 2,
        "last_acc": 0.7109375,
        "best_acc": 0.7375,
        "best_acc_epoch": 21,
        "confusion_matrix": [
            [
                251,
                80
            ],
            [
                88,
                221
            ]
        ],
        "classification_report": "              precision    recall  f1-score   support\n\n     class 0       0.74      0.76      0.75       331\n     class 1       0.73      0.72      0.72       309\n\n    accuracy                           0.74       640\n   macro avg       0.74      0.74      0.74       640\nweighted avg       0.74      0.74      0.74       640\n"
    }
}