{
    "model_id": "acbfea58-f01c-49dd-8cf2-87c8508361ad",
    "train_accuracy": [
        0.565234375,
        0.6515625,
        0.691015625,
        0.713671875,
        0.7265625,
        0.737109375,
        0.75859375,
        0.7578125,
        0.772265625,
        0.780078125,
        0.784375,
        0.79921875,
        0.806640625,
        0.81796875,
        0.803515625,
        0.81328125,
        0.830859375,
        0.83203125,
        0.830859375,
        0.85859375,
        0.84296875,
        0.84921875,
        0.86015625,
        0.8640625,
        0.855078125,
        0.869921875,
        0.865234375,
        0.8734375,
        0.876953125,
        0.879296875
    ],
    "train_loss": [
        0.007168370787985623,
        0.006330764223821461,
        0.005993733438663185,
        0.005592915287707001,
        0.005435135588049889,
        0.005419553467072546,
        0.005108546232804656,
        0.004958304949104786,
        0.004778564290609211,
        0.004709772544447333,
        0.004576154239475727,
        0.004436650616116822,
        0.0042791339103132485,
        0.004169387870933861,
        0.004169181745965034,
        0.00403438163921237,
        0.00393952582962811,
        0.003711446770466864,
        0.003720063017681241,
        0.0035124211746733634,
        0.0035346052260138094,
        0.0035619923495687545,
        0.003344176389509812,
        0.0032359300181269645,
        0.003248673811322078,
        0.0030219002044759692,
        0.0030989148770459,
        0.0030832936812657864,
        0.0029099484148900957,
        0.002782058832235634
    ],
    "val_accuracy": [
        0.58125,
        0.696875,
        0.725,
        0.725,
        0.73125,
        0.7375,
        0.740625,
        0.7359375,
        0.7390625,
        0.7390625,
        0.740625,
        0.7375,
        0.734375,
        0.7375,
        0.728125,
        0.7359375,
        0.734375,
        0.7328125,
        0.7296875,
        0.7296875,
        0.7234375,
        0.721875,
        0.7328125,
        0.71875,
        0.7265625,
        0.728125,
        0.7171875,
        0.7328125,
        0.721875,
        0.7328125
    ],
    "val_loss": [
        0.00732366293668747,
        0.0065950660966336725,
        0.006289907358586788,
        0.006181294471025467,
        0.00607632827013731,
        0.0060122141148895025,
        0.006022718735039234,
        0.0059972874820232395,
        0.005983623396605253,
        0.0059150361455976965,
        0.005962648056447506,
        0.00596436932682991,
        0.006019423995167017,
        0.0060623097233474255,
        0.00612535560503602,
        0.0061760326381772755,
        0.006312417844310403,
        0.006309720128774643,
        0.006384088192135096,
        0.006456378940492868,
        0.006438125018030405,
        0.006547277513891459,
        0.006736448919400573,
        0.006863759737461806,
        0.00677101630717516,
        0.006817766046151519,
        0.006872489769011736,
        0.007069116923958063,
        0.006969829555600882,
        0.007084822095930576
    ],
    "hyperparameters": {
        "learning_rate": 0.0005,
        "num_epochs": 30,
        "batch_size": 100,
        "stem_v": true,
        "pool_v": "mean",
        "norm_v": false,
        "dropout_rate": 0.5
    },
    "results": {
        "classes": 2,
        "last_acc": 0.7328125,
        "best_acc": 0.740625,
        "best_acc_epoch": 6,
        "confusion_matrix": [
            [
                241,
                90
            ],
            [
                76,
                233
            ]
        ],
        "classification_report": "              precision    recall  f1-score   support\n\n     class 0       0.76      0.73      0.74       331\n     class 1       0.72      0.75      0.74       309\n\n    accuracy                           0.74       640\n   macro avg       0.74      0.74      0.74       640\nweighted avg       0.74      0.74      0.74       640\n"
    }
}