{
    "model_id": "84d946fd-72d9-4073-bcb3-19120a7ecb7c",
    "train_accuracy": [
        0.18512780790085206,
        0.3330751355538342,
        0.4678543764523625,
        0.5778466305189776,
        0.673121611154144,
        0.7567776917118513,
        0.8272656855151046,
        0.87141750580945,
        0.9078233927188226,
        0.935708752904725,
        0.9535243996901627,
        0.9659178931061193,
        0.9705654531371031,
        0.9767621998450813,
        0.9821843532145623,
        0.9845081332300543,
        0.9876065065840434,
        0.9868319132455461,
        0.9860573199070488,
        0.9860573199070488,
        0.9860573199070488,
        0.9883810999225406,
        0.9852827265685515,
        0.9852827265685515,
        0.9868319132455461
    ],
    "train_loss": [
        0.08148742839405465,
        0.07282261383062551,
        0.06347143760861397,
        0.054615888181903584,
        0.04536388019182071,
        0.03742888318208832,
        0.02968338942176884,
        0.02369541786235954,
        0.01868053880613225,
        0.014342486327420271,
        0.011461486634498969,
        0.008846550441176092,
        0.006899942898593329,
        0.006212698291384093,
        0.005143769962625112,
        0.004285489599271674,
        0.0039721658780859205,
        0.0036509091151397787,
        0.003108036546375657,
        0.003162611679893238,
        0.0027021359461832195,
        0.0026862002334952077,
        0.0024895731224097734,
        0.002292447467352603,
        0.0022265489922301145
    ],
    "val_accuracy": [
        0.2815533980582524,
        0.3268608414239482,
        0.4336569579288026,
        0.517799352750809,
        0.5760517799352751,
        0.6019417475728155,
        0.6116504854368932,
        0.6245954692556634,
        0.6245954692556634,
        0.6245954692556634,
        0.6343042071197411,
        0.627831715210356,
        0.6440129449838188,
        0.6537216828478964,
        0.6537216828478964,
        0.6440129449838188,
        0.6537216828478964,
        0.6343042071197411,
        0.6343042071197411,
        0.6504854368932039,
        0.6407766990291263,
        0.6537216828478964,
        0.6375404530744336,
        0.6472491909385113,
        0.627831715210356
    ],
    "val_loss": [
        0.08131241952717111,
        0.0732714840509359,
        0.06557274327694791,
        0.058210930392194334,
        0.05265092097439812,
        0.04836045364731724,
        0.046406455603232276,
        0.045251419629093896,
        0.04623184543597274,
        0.04679656684591547,
        0.04610281295375145,
        0.048516965606837596,
        0.04795929297660161,
        0.04862637388667628,
        0.04973377436881698,
        0.04898009562569529,
        0.04849176595897736,
        0.0527559659627649,
        0.05435707924049649,
        0.050900604539704554,
        0.054507665263796315,
        0.05331033776878925,
        0.056166406588261185,
        0.05499286076783362,
        0.056251004097145355
    ],
    "hyperparameters": {
        "learning_rate": 1e-05,
        "num_epochs": 25,
        "batch_size": 25,
        "max_len": 150,
        "dropout": 0.5
    },
    "results": {
        "classes": 8,
        "last_acc": 0.627831715210356,
        "best_acc": 0.6537216828478964,
        "best_acc_epoch": 13,
        "confusion_matrix": [
            [
                28,
                2,
                2,
                2,
                0,
                4,
                0,
                7
            ],
            [
                1,
                18,
                1,
                3,
                0,
                1,
                3,
                3
            ],
            [
                1,
                0,
                25,
                0,
                0,
                6,
                0,
                3
            ],
            [
                0,
                2,
                0,
                24,
                6,
                1,
                1,
                0
            ],
            [
                3,
                3,
                0,
                4,
                22,
                2,
                4,
                2
            ],
            [
                0,
                1,
                6,
                0,
                1,
                31,
                3,
                1
            ],
            [
                0,
                5,
                0,
                1,
                8,
                1,
                22,
                2
            ],
            [
                0,
                1,
                6,
                0,
                1,
                2,
                1,
                32
            ]
        ],
        "classification_report": "                           precision    recall  f1-score   support\n\n              flag_waving       0.85      0.62      0.72        45\nexaggeration,minimisation       0.56      0.60      0.58        30\ncausal_oversimplification       0.62      0.71      0.67        35\n    name_calling,labeling       0.71      0.71      0.71        34\n               repetition       0.58      0.55      0.56        40\n                    doubt       0.65      0.72      0.68        43\n          loaded_language       0.65      0.56      0.60        39\n appeal_to_fear_prejudice       0.64      0.74      0.69        43\n\n                 accuracy                           0.65       309\n                macro avg       0.66      0.65      0.65       309\n             weighted avg       0.66      0.65      0.65       309\n"
    }
}