{
    "model_id": "3cbf0e25-c54d-4329-9d04-d018c9261647",
    "train_accuracy": [
        0.17041053446940357,
        0.2865995352439969,
        0.38109992254066616,
        0.4670797831138652,
        0.5104570100697134,
        0.5654531371030209,
        0.6506584043377227,
        0.6684740511231604,
        0.6909372579395817,
        0.7397366382649109,
        0.7691711851278079,
        0.8055770720371804,
        0.8319132455460883,
        0.8597986057319907,
        0.8760650658404338,
        0.8962044926413633,
        0.9085979860573199,
        0.9318357862122386,
        0.9333849728892332,
        0.9465530596436871,
        0.9496514329976762,
        0.9604957397366383,
        0.965143299767622,
        0.9682416731216111,
        0.9736638264910922
    ],
    "train_loss": [
        0.08361177717780624,
        0.0781112479018574,
        0.07235692130974519,
        0.06656515921482645,
        0.06187202808563327,
        0.056779888043747125,
        0.05184146344061511,
        0.047486912733265635,
        0.04339632985205913,
        0.03920464715137674,
        0.03592401595193226,
        0.032176884313963074,
        0.029058431812629137,
        0.025862163785443947,
        0.02332826239207657,
        0.020888868295158368,
        0.018524205957061095,
        0.01618894516821521,
        0.01457849438111049,
        0.012748686993519158,
        0.011636161070106382,
        0.00977483104357509,
        0.009022823825628605,
        0.008086201908697369,
        0.0069517971389428486
    ],
    "val_accuracy": [
        0.23300970873786409,
        0.3365695792880259,
        0.43042071197411,
        0.4336569579288026,
        0.48220064724919093,
        0.517799352750809,
        0.5307443365695793,
        0.5728155339805825,
        0.5631067961165048,
        0.6084142394822006,
        0.6019417475728155,
        0.6375404530744336,
        0.6148867313915858,
        0.6310679611650486,
        0.6116504854368932,
        0.6472491909385113,
        0.6504854368932039,
        0.6504854368932039,
        0.6537216828478964,
        0.6537216828478964,
        0.6601941747572816,
        0.6407766990291263,
        0.6407766990291263,
        0.6407766990291263,
        0.6537216828478964
    ],
    "val_loss": [
        0.08391396358946766,
        0.07810775438944499,
        0.07223681493098681,
        0.06761434047353307,
        0.0629485050837199,
        0.05942044636192445,
        0.05633982215498643,
        0.053063504518428666,
        0.05150203739555137,
        0.049046679607872824,
        0.04743431744837838,
        0.046213295853253705,
        0.045275250106181913,
        0.044965523539237606,
        0.0437662096085286,
        0.044386079010454195,
        0.043874134523583075,
        0.04485566407731436,
        0.04351653346737611,
        0.045031645440746663,
        0.04393999167630588,
        0.04513634591812455,
        0.04592877954341061,
        0.04491287421640069,
        0.047147836307105895
    ],
    "hyperparameters": {
        "learning_rate": 5e-06,
        "num_epochs": 25,
        "batch_size": 25,
        "max_len": 150,
        "dropout": 0.5
    },
    "results": {
        "classes": 8,
        "last_acc": 0.6537216828478964,
        "best_acc": 0.6601941747572816,
        "best_acc_epoch": 20,
        "confusion_matrix": [
            [
                34,
                1,
                0,
                0,
                0,
                4,
                0,
                6
            ],
            [
                1,
                15,
                1,
                2,
                0,
                2,
                5,
                4
            ],
            [
                2,
                0,
                24,
                0,
                0,
                7,
                0,
                2
            ],
            [
                1,
                2,
                0,
                25,
                4,
                0,
                2,
                0
            ],
            [
                3,
                3,
                0,
                5,
                24,
                1,
                2,
                2
            ],
            [
                0,
                4,
                6,
                0,
                1,
                29,
                1,
                2
            ],
            [
                0,
                4,
                0,
                2,
                6,
                1,
                25,
                1
            ],
            [
                2,
                1,
                5,
                1,
                2,
                1,
                3,
                28
            ]
        ],
        "classification_report": "                           precision    recall  f1-score   support\n\n              flag_waving       0.79      0.76      0.77        45\nexaggeration,minimisation       0.50      0.50      0.50        30\ncausal_oversimplification       0.67      0.69      0.68        35\n    name_calling,labeling       0.71      0.74      0.72        34\n               repetition       0.65      0.60      0.62        40\n                    doubt       0.64      0.67      0.66        43\n          loaded_language       0.66      0.64      0.65        39\n appeal_to_fear_prejudice       0.62      0.65      0.64        43\n\n                 accuracy                           0.66       309\n                macro avg       0.66      0.66      0.66       309\n             weighted avg       0.66      0.66      0.66       309\n"
    }
}