{
    "model_id": "64146dd1-22c1-4c32-8eab-7e7a3f8a1196",
    "train_accuracy": [
        0.534765625,
        0.5796875,
        0.637109375,
        0.668359375,
        0.680078125,
        0.709765625,
        0.727734375,
        0.744140625,
        0.7421875,
        0.762109375
    ],
    "train_loss": [
        0.008675346290692687,
        0.00841219222638756,
        0.00816431506536901,
        0.0078864477109164,
        0.007716575870290399,
        0.007435505231842399,
        0.007262848294340074,
        0.006957285525277257,
        0.006829480605665595,
        0.006590585189405829
    ],
    "val_accuracy": [
        0.565625,
        0.60625,
        0.6421875,
        0.6609375,
        0.6671875,
        0.675,
        0.690625,
        0.7015625,
        0.7078125,
        0.709375
    ],
    "val_loss": [
        0.008516367617994547,
        0.008309987280517817,
        0.008107108250260352,
        0.00790661508217454,
        0.007719301339238882,
        0.00753580303862691,
        0.007381132896989584,
        0.007242038752883673,
        0.007115298043936491,
        0.007009791862219572
    ],
    "hyperparameters": {
        "learning_rate": 1e-06,
        "num_epochs": 10,
        "batch_size": 80,
        "max_len": 150,
        "dropout": 0.5
    },
    "results": {
        "classes": 2,
        "last_acc": 0.709375,
        "best_acc": 0.709375,
        "best_acc_epoch": 9,
        "confusion_matrix": [
            [
                245,
                86
            ],
            [
                100,
                209
            ]
        ],
        "classification_report": "              precision    recall  f1-score   support\n\n     Class 0       0.71      0.74      0.72       331\n     Class 1       0.71      0.68      0.69       309\n\n    accuracy                           0.71       640\n   macro avg       0.71      0.71      0.71       640\nweighted avg       0.71      0.71      0.71       640\n"
    }
}