{
    "model_id": "42008382-f62d-4129-a8fe-5ac18f4ba56d",
    "train_accuracy": [
        0.593359375,
        0.73828125,
        0.78515625,
        0.818359375,
        0.855859375,
        0.883984375,
        0.901953125,
        0.9265625,
        0.936328125,
        0.949609375,
        0.962109375,
        0.971875,
        0.9734375,
        0.982421875,
        0.97734375,
        0.985546875,
        0.9859375,
        0.989453125,
        0.991015625,
        0.98828125
    ],
    "train_loss": [
        0.013637496670708061,
        0.011376623960677535,
        0.009799936215858906,
        0.008734558621654287,
        0.007559527625562623,
        0.006555791664868593,
        0.005687628060695715,
        0.004791252198629081,
        0.004088452848372981,
        0.0035116754617774857,
        0.002785164583474398,
        0.002328157985175494,
        0.002199638312595198,
        0.00166791798765189,
        0.001651618599134963,
        0.0013403345299593638,
        0.0012053436010319273,
        0.0009971663883334258,
        0.0009228449325746624,
        0.000970334234443726
    ],
    "val_accuracy": [
        0.6671875,
        0.7453125,
        0.753125,
        0.765625,
        0.7703125,
        0.7671875,
        0.7703125,
        0.765625,
        0.775,
        0.7875,
        0.7890625,
        0.759375,
        0.78125,
        0.7796875,
        0.78125,
        0.790625,
        0.7765625,
        0.778125,
        0.7796875,
        0.7828125
    ],
    "val_loss": [
        0.012496434804052114,
        0.011050236038863659,
        0.010541570233181119,
        0.010269757127389312,
        0.010528982430696488,
        0.010586942546069622,
        0.010988922324031591,
        0.01108778384514153,
        0.011687575606629252,
        0.011854567565023899,
        0.012239780090749264,
        0.013484111288562417,
        0.01392944916151464,
        0.014405507361516356,
        0.014088428672403097,
        0.015035516628995538,
        0.015547372680157424,
        0.015881671709939836,
        0.015926184644922615,
        0.016477623814716937
    ],
    "hyperparameters": {
        "learning_rate": 5e-06,
        "num_epochs": 20,
        "batch_size": 50,
        "max_len": 150,
        "dropout": 0.5
    },
    "results": {
        "classes": 2,
        "last_acc": 0.7828125,
        "best_acc": 0.790625,
        "best_acc_epoch": 15,
        "confusion_matrix": [
            [
                270,
                61
            ],
            [
                73,
                236
            ]
        ],
        "classification_report": "              precision    recall  f1-score   support\n\n     Class 0       0.80      0.77      0.79       331\n     Class 1       0.76      0.80      0.78       309\n\n    accuracy                           0.78       640\n   macro avg       0.78      0.78      0.78       640\nweighted avg       0.78      0.78      0.78       640\n"
    }
}