{
    "model_id": "988bcbc7-72ce-400a-9e55-248f2a1b09bf",
    "train_accuracy": [
        0.515625,
        0.6,
        0.65078125,
        0.69296875,
        0.72109375,
        0.737109375,
        0.759765625,
        0.7625,
        0.779296875,
        0.786328125,
        0.7953125,
        0.811328125,
        0.81640625,
        0.823046875,
        0.837890625,
        0.835546875,
        0.84609375,
        0.8515625,
        0.859375,
        0.862890625
    ],
    "train_loss": [
        0.014121919847093522,
        0.013650220027193427,
        0.013209385704249144,
        0.012704059202224015,
        0.012154762423597277,
        0.011674299440346658,
        0.011170296929776669,
        0.010829225706402212,
        0.010404436057433486,
        0.010075556766241788,
        0.00967647967627272,
        0.009366861777380109,
        0.009035777364624664,
        0.008773435198236257,
        0.008487281412817538,
        0.008235222415532917,
        0.007993199373595416,
        0.007736081309849397,
        0.007473364792531356,
        0.007304375350940973
    ],
    "val_accuracy": [
        0.5625,
        0.60625,
        0.6390625,
        0.6578125,
        0.7046875,
        0.7125,
        0.7296875,
        0.734375,
        0.7421875,
        0.7609375,
        0.7640625,
        0.7609375,
        0.7671875,
        0.778125,
        0.771875,
        0.7875,
        0.784375,
        0.7859375,
        0.78125,
        0.7828125
    ],
    "val_loss": [
        0.01389515670016408,
        0.013581529445946216,
        0.013160305004566908,
        0.012705060839653014,
        0.012216649856418372,
        0.011872890777885914,
        0.011445080675184727,
        0.011127060931175946,
        0.010907953791320323,
        0.01071960530243814,
        0.010537099838256837,
        0.010364094655960799,
        0.010249050520360469,
        0.010123332729563117,
        0.010074150795117021,
        0.009976555733010173,
        0.00998987969942391,
        0.009949223836883903,
        0.009956403309479356,
        0.00986360157839954
    ],
    "hyperparameters": {
        "learning_rate": 1e-06,
        "num_epochs": 20,
        "batch_size": 50,
        "max_len": 150,
        "dropout": 0.5
    },
    "results": {
        "classes": 2,
        "last_acc": 0.7828125,
        "best_acc": 0.7875,
        "best_acc_epoch": 15,
        "confusion_matrix": [
            [
                262,
                69
            ],
            [
                67,
                242
            ]
        ],
        "classification_report": "              precision    recall  f1-score   support\n\n     Class 0       0.79      0.79      0.79       331\n     Class 1       0.78      0.77      0.77       309\n\n    accuracy                           0.78       640\n   macro avg       0.78      0.78      0.78       640\nweighted avg       0.78      0.78      0.78       640\n"
    }
}