{
    "model_id": "119e526c-c646-43ed-a272-348f730e81af",
    "train_accuracy": [
        0.520703125,
        0.51328125,
        0.50546875,
        0.509765625,
        0.526171875,
        0.506640625,
        0.530859375,
        0.515625,
        0.54609375,
        0.5390625,
        0.569921875,
        0.576953125,
        0.590625,
        0.583984375,
        0.602734375,
        0.6203125,
        0.6203125,
        0.63984375,
        0.66171875,
        0.6875,
        0.696875,
        0.70859375,
        0.7421875,
        0.737890625,
        0.758203125,
        0.77421875,
        0.77578125,
        0.7859375,
        0.79609375,
        0.801953125,
        0.81640625,
        0.803515625,
        0.823046875,
        0.823046875,
        0.830859375,
        0.8375,
        0.8359375,
        0.85546875,
        0.861328125,
        0.85078125
    ],
    "train_loss": [
        0.008729978511109949,
        0.008707675850018859,
        0.008749096747487783,
        0.008721616095863282,
        0.00867536528967321,
        0.008756059827283025,
        0.008707348443567752,
        0.00870107151567936,
        0.008602885343134404,
        0.008634139457717538,
        0.00851743882521987,
        0.00850787153467536,
        0.008471777243539692,
        0.008421376207843423,
        0.00839408179745078,
        0.008286499441601336,
        0.008240099274553358,
        0.008095030370168389,
        0.007951149856671691,
        0.007725119101814925,
        0.007601356040686369,
        0.007375229033641517,
        0.007109587010927498,
        0.006961662298999726,
        0.0067083050613291565,
        0.006512042379472405,
        0.006348475441336631,
        0.006176814390346408,
        0.005960537632927298,
        0.005843435344286263,
        0.005641604855190963,
        0.0056329530314542355,
        0.005406176764518022,
        0.005327734374441206,
        0.005231991061009467,
        0.005109399044886232,
        0.005030389816965908,
        0.004751578893046826,
        0.004693846160080284,
        0.004629447602201253
    ],
    "val_accuracy": [
        0.534375,
        0.525,
        0.54375,
        0.553125,
        0.565625,
        0.584375,
        0.590625,
        0.596875,
        0.628125,
        0.6359375,
        0.6484375,
        0.6625,
        0.6609375,
        0.6703125,
        0.66875,
        0.6671875,
        0.690625,
        0.6828125,
        0.7015625,
        0.709375,
        0.725,
        0.734375,
        0.740625,
        0.7546875,
        0.75625,
        0.759375,
        0.765625,
        0.765625,
        0.7609375,
        0.765625,
        0.7640625,
        0.771875,
        0.775,
        0.78125,
        0.7765625,
        0.775,
        0.7765625,
        0.784375,
        0.7734375,
        0.7765625
    ],
    "val_loss": [
        0.008661188837140798,
        0.008656200394034386,
        0.008647421840578318,
        0.008635731786489487,
        0.008624467253684997,
        0.008613199926912785,
        0.008609944395720959,
        0.008586838096380233,
        0.008574169781059026,
        0.00855476837605238,
        0.00850472841411829,
        0.00842816112563014,
        0.008376985508948564,
        0.00830927100032568,
        0.008241974748671055,
        0.00819483958184719,
        0.008005250338464975,
        0.007904714159667491,
        0.007723997998982668,
        0.007557617500424385,
        0.0073805940337479115,
        0.0071856949478387834,
        0.006959488894790411,
        0.006788862682878971,
        0.006667410442605615,
        0.006532560149207711,
        0.006394370226189494,
        0.00629179859533906,
        0.006236653216183186,
        0.006172225624322891,
        0.0061211931519210335,
        0.006073713861405849,
        0.006042717909440398,
        0.006021111132577061,
        0.005974214849993586,
        0.005971220368519425,
        0.005925569962710142,
        0.005917231692001224,
        0.005899686180055141,
        0.005929980985820293
    ],
    "hyperparameters": {
        "learning_rate": 1e-06,
        "num_epochs": 40,
        "batch_size": 80,
        "max_len": 150
    },
    "results": {
        "classes": 2,
        "last_acc": 0.7765625,
        "best_acc": 0.784375,
        "best_acc_epoch": 37,
        "confusion_matrix": [
            [
                273,
                58
            ],
            [
                80,
                229
            ]
        ],
        "classification_report": "              precision    recall  f1-score   support\n\n     Class 0       0.78      0.79      0.79       331\n     Class 1       0.77      0.76      0.77       309\n\n    accuracy                           0.78       640\n   macro avg       0.78      0.78      0.78       640\nweighted avg       0.78      0.78      0.78       640\n"
    }
}