{
    "model_id": "54187875-8297-4c6f-98d8-00537301bc38",
    "train_accuracy": [
        0.506640625,
        0.5,
        0.5171875,
        0.506640625,
        0.509375,
        0.515625,
        0.50390625,
        0.519140625,
        0.524609375,
        0.52890625,
        0.5296875,
        0.52890625,
        0.5609375,
        0.576953125,
        0.60234375,
        0.61328125,
        0.623046875,
        0.634375,
        0.64453125,
        0.640234375,
        0.6453125,
        0.66015625,
        0.678515625,
        0.68125,
        0.6890625,
        0.698046875,
        0.691796875,
        0.697265625,
        0.71640625,
        0.71875,
        0.718359375,
        0.73359375,
        0.730859375,
        0.734375,
        0.73671875,
        0.75859375,
        0.744921875,
        0.753515625,
        0.75703125,
        0.755078125
    ],
    "train_loss": [
        0.008718111249618233,
        0.008702806918881834,
        0.008666769112460315,
        0.008671387261711062,
        0.008682594844140112,
        0.00865806087385863,
        0.00866062545683235,
        0.00865538758225739,
        0.008592054806649685,
        0.008605809672735632,
        0.008598631108179688,
        0.008563116821460427,
        0.008511871937662363,
        0.008475593710318207,
        0.008343993290327489,
        0.008327097771689296,
        0.008235609391704202,
        0.008204332180321216,
        0.00811485769227147,
        0.008148693107068538,
        0.008059580554254353,
        0.007978354883380234,
        0.007886250037699938,
        0.007845083461143076,
        0.007771816314198076,
        0.007683351775631309,
        0.007618958689272403,
        0.00755072666797787,
        0.007445849385112524,
        0.0073996868683025244,
        0.0072985155740752814,
        0.007217841199599206,
        0.007203931990079582,
        0.00710330312140286,
        0.006964195531327278,
        0.006904122140258551,
        0.006913900561630726,
        0.00681481312494725,
        0.006756872683763504,
        0.006653185654431582
    ],
    "val_accuracy": [
        0.5171875,
        0.5171875,
        0.515625,
        0.515625,
        0.5140625,
        0.5109375,
        0.5109375,
        0.509375,
        0.5140625,
        0.5234375,
        0.5390625,
        0.553125,
        0.584375,
        0.6140625,
        0.6453125,
        0.640625,
        0.6484375,
        0.65,
        0.65625,
        0.66875,
        0.6828125,
        0.6796875,
        0.6859375,
        0.6890625,
        0.6921875,
        0.6953125,
        0.696875,
        0.703125,
        0.7109375,
        0.709375,
        0.7171875,
        0.725,
        0.728125,
        0.73125,
        0.734375,
        0.74375,
        0.74375,
        0.7453125,
        0.7390625,
        0.7421875
    ],
    "val_loss": [
        0.008649442996829747,
        0.008645408414304256,
        0.008646088000386954,
        0.008646347932517529,
        0.008647171314805746,
        0.00864852461963892,
        0.008651408832520247,
        0.008652230072766543,
        0.008648167923092842,
        0.00864754756912589,
        0.008640843536704778,
        0.008626217115670442,
        0.008583707176148892,
        0.008520648255944252,
        0.008436693716794253,
        0.008358387369662523,
        0.008312010299414396,
        0.008258774504065513,
        0.008195048384368419,
        0.008134399447590113,
        0.008084666263312102,
        0.00801665112376213,
        0.007950683496892453,
        0.007888634409755468,
        0.00782514363527298,
        0.007755564153194427,
        0.007686171308159828,
        0.007624785415828228,
        0.007560910936444998,
        0.007496646884828806,
        0.007433872949331999,
        0.007371012587100267,
        0.00731884790584445,
        0.007250205334275961,
        0.007194864889606833,
        0.007137793116271496,
        0.0070872702170163395,
        0.007037533726543188,
        0.006994985602796077,
        0.006956026796251536
    ],
    "hyperparameters": {
        "learning_rate": 5e-07,
        "num_epochs": 40,
        "batch_size": 80,
        "max_len": 150
    },
    "results": {
        "classes": 2,
        "last_acc": 0.7421875,
        "best_acc": 0.7453125,
        "best_acc_epoch": 37,
        "confusion_matrix": [
            [
                244,
                87
            ],
            [
                76,
                233
            ]
        ],
        "classification_report": "              precision    recall  f1-score   support\n\n     Class 0       0.75      0.75      0.75       331\n     Class 1       0.73      0.73      0.73       309\n\n    accuracy                           0.74       640\n   macro avg       0.74      0.74      0.74       640\nweighted avg       0.74      0.74      0.74       640\n"
    }
}