{
    "model_id": "354aca28-406f-41da-8465-69b55d6dcd8b",
    "train_accuracy": [
        0.516015625,
        0.5140625,
        0.5359375,
        0.53671875,
        0.554296875,
        0.552734375,
        0.566015625,
        0.59453125,
        0.580859375,
        0.61796875,
        0.622265625,
        0.632421875,
        0.642578125,
        0.6625,
        0.664453125,
        0.68203125,
        0.67734375,
        0.6984375,
        0.696875,
        0.725390625,
        0.7234375,
        0.723828125,
        0.742578125,
        0.734765625,
        0.742578125,
        0.75625,
        0.7703125,
        0.77421875,
        0.77109375,
        0.775,
        0.782421875,
        0.78671875,
        0.7859375,
        0.798046875,
        0.800390625,
        0.7953125,
        0.801953125,
        0.806640625,
        0.816015625,
        0.81640625,
        0.822265625,
        0.81953125,
        0.823046875,
        0.825390625,
        0.83046875,
        0.829296875,
        0.830859375,
        0.83828125,
        0.8453125,
        0.83984375,
        0.84375,
        0.841796875,
        0.850390625,
        0.853125,
        0.8515625,
        0.85234375,
        0.855859375,
        0.851953125,
        0.8703125,
        0.863671875
    ],
    "train_loss": [
        0.008881721529178321,
        0.008784179692156613,
        0.008739640843123198,
        0.008651303732767701,
        0.008550040237605572,
        0.008592089009471237,
        0.008491648267954588,
        0.008377830241806805,
        0.0083770357305184,
        0.008313856646418571,
        0.0082561697345227,
        0.008130392315797508,
        0.008125779521651565,
        0.007982303481549024,
        0.00789436895865947,
        0.007812705473043025,
        0.007775387074798345,
        0.00762170294765383,
        0.007599414442665875,
        0.00744696194306016,
        0.007358341221697628,
        0.007311764033511281,
        0.007202160288579762,
        0.007220566552132368,
        0.007044546748511493,
        0.006914947961922735,
        0.006773968716152013,
        0.006724316137842834,
        0.006725321616977453,
        0.006664219696540385,
        0.006535036407876759,
        0.006585418421309441,
        0.0063905516755767165,
        0.006219652097206563,
        0.006243361451197416,
        0.00630342731019482,
        0.006135945534333586,
        0.006078116793651134,
        0.005905293254181742,
        0.005872602120507509,
        0.0057840287219733,
        0.005756037682294846,
        0.005725344875827432,
        0.005740105092991143,
        0.005591369478497654,
        0.00556209561182186,
        0.005475936830043793,
        0.005379992804955691,
        0.0053353973664343355,
        0.005357270932290703,
        0.005235750344581902,
        0.005221000441815704,
        0.005145945306867361,
        0.005074374424293637,
        0.005093628610484302,
        0.005047064577229321,
        0.004866263258736581,
        0.0049794521415606145,
        0.004767671227455139,
        0.004812142625451088
    ],
    "val_accuracy": [
        0.496875,
        0.5046875,
        0.5140625,
        0.5234375,
        0.534375,
        0.546875,
        0.575,
        0.590625,
        0.6046875,
        0.6125,
        0.6265625,
        0.6328125,
        0.6390625,
        0.6421875,
        0.6578125,
        0.6453125,
        0.6703125,
        0.6703125,
        0.684375,
        0.6984375,
        0.6875,
        0.6984375,
        0.696875,
        0.703125,
        0.703125,
        0.7125,
        0.7125,
        0.728125,
        0.715625,
        0.7265625,
        0.721875,
        0.7265625,
        0.7375,
        0.7375,
        0.73125,
        0.7453125,
        0.7421875,
        0.7359375,
        0.7390625,
        0.7421875,
        0.7421875,
        0.75,
        0.7546875,
        0.753125,
        0.746875,
        0.75,
        0.7578125,
        0.75,
        0.7625,
        0.759375,
        0.7609375,
        0.759375,
        0.7671875,
        0.765625,
        0.7640625,
        0.76875,
        0.7578125,
        0.7734375,
        0.771875,
        0.765625
    ],
    "val_loss": [
        0.008788515906780958,
        0.00869906023144722,
        0.008630183804780246,
        0.008559585269540548,
        0.008487112261354924,
        0.00843534842133522,
        0.008370366971939802,
        0.00830314764752984,
        0.0082404681481421,
        0.00818770295009017,
        0.008112232014536858,
        0.00805808398872614,
        0.007993168849498033,
        0.007939824648201466,
        0.00784919336438179,
        0.007833266071975232,
        0.007726170681416988,
        0.007681557722389698,
        0.007588264625519514,
        0.007516707666218281,
        0.007499503623694182,
        0.007413338497281074,
        0.007341029401868582,
        0.007320805452764034,
        0.007233418710529804,
        0.007162580080330372,
        0.007136475946754217,
        0.0070539753884077076,
        0.007041671406477689,
        0.006938947224989533,
        0.006921079102903604,
        0.006876813946291804,
        0.006826386228203774,
        0.006794996047392488,
        0.006787419132888317,
        0.0067206809762865305,
        0.006690659699961543,
        0.006691188039258123,
        0.006663054367527366,
        0.006639578752219677,
        0.00662149703130126,
        0.006613738089799881,
        0.006593775795772671,
        0.00656786859035492,
        0.0065879360772669315,
        0.006553339678794146,
        0.006521134730428457,
        0.006511803343892097,
        0.006496920017525554,
        0.006495051318779588,
        0.006468832725659013,
        0.006470280606299639,
        0.006433050194755196,
        0.006434614676982165,
        0.0064726802986115215,
        0.006472563464194536,
        0.006488480186089873,
        0.00643837470561266,
        0.006438579224050045,
        0.006441607745364309
    ],
    "hyperparameters": {
        "learning_rate": 5e-07,
        "num_epochs": 60,
        "batch_size": 80,
        "max_len": 150
    },
    "results": {
        "classes": 2,
        "last_acc": 0.765625,
        "best_acc": 0.7734375,
        "best_acc_epoch": 57,
        "confusion_matrix": [
            [
                262,
                69
            ],
            [
                76,
                233
            ]
        ],
        "classification_report": "              precision    recall  f1-score   support\n\n     Class 0       0.77      0.78      0.77       331\n     Class 1       0.76      0.75      0.76       309\n\n    accuracy                           0.77       640\n   macro avg       0.77      0.77      0.77       640\nweighted avg       0.77      0.77      0.77       640\n"
    }
}