{
    "model_id": "f4d6adf0-1def-4605-b5bf-49b731660fc3",
    "train_accuracy": [
        0.512109375,
        0.5203125,
        0.56953125,
        0.65,
        0.74609375,
        0.78046875,
        0.809375,
        0.826171875,
        0.85078125,
        0.865625,
        0.8796875,
        0.88671875,
        0.90234375,
        0.90078125,
        0.9234375,
        0.934375,
        0.943359375,
        0.94609375,
        0.95,
        0.96640625,
        0.9671875,
        0.970703125,
        0.976953125,
        0.9796875
    ],
    "train_loss": [
        0.014304445055313409,
        0.013730135606601834,
        0.01314767322037369,
        0.012485243147239089,
        0.010961977008264512,
        0.009678202448412776,
        0.00854074804810807,
        0.007850367383798584,
        0.00714548890828155,
        0.006614287750562653,
        0.006115211267024278,
        0.005767536605708301,
        0.0050451148767024275,
        0.005043005460174754,
        0.004177972342586145,
        0.0035583565317210742,
        0.0030284099717391654,
        0.002953992494440172,
        0.002685593721253099,
        0.002094638989365194,
        0.0019589721789088797,
        0.0017016007062920836,
        0.001375969765285845,
        0.001246425868885126
    ],
    "val_accuracy": [
        0.53125,
        0.5171875,
        0.6875,
        0.73125,
        0.7421875,
        0.775,
        0.809375,
        0.7953125,
        0.81875,
        0.821875,
        0.8203125,
        0.8171875,
        0.8265625,
        0.825,
        0.825,
        0.8015625,
        0.8171875,
        0.8390625,
        0.834375,
        0.8046875,
        0.8328125,
        0.8328125,
        0.825,
        0.8359375
    ],
    "val_loss": [
        0.013656697049736977,
        0.01307326853275299,
        0.012525107059627772,
        0.011558608897030354,
        0.010477498034015298,
        0.009777948306873441,
        0.009334933245554566,
        0.009878733148798346,
        0.009380541276186705,
        0.009304125187918543,
        0.009823674173094332,
        0.009438542556017638,
        0.009930305834859609,
        0.009104342013597489,
        0.00945024008397013,
        0.011636237427592278,
        0.010306560713797808,
        0.010264358366839588,
        0.010864782147109509,
        0.013315195543691516,
        0.011716807121410966,
        0.01130489727947861,
        0.013366407342255115,
        0.012608005618676543
    ],
    "hyperparameters": {
        "learning_rate": 5e-06,
        "num_epochs": 24,
        "batch_size": 50,
        "max_len": 150
    },
    "results": {
        "classes": 2,
        "last_acc": 0.8359375,
        "best_acc": 0.8390625,
        "best_acc_epoch": 17,
        "confusion_matrix": [
            [
                293,
                38
            ],
            [
                65,
                244
            ]
        ],
        "classification_report": "              precision    recall  f1-score   support\n\n     Class 0       0.84      0.84      0.84       331\n     Class 1       0.83      0.83      0.83       309\n\n    accuracy                           0.84       640\n   macro avg       0.84      0.84      0.84       640\nweighted avg       0.84      0.84      0.84       640\n"
    }
}