{
    "model_id": "08840e67-c4cd-46a0-9f9a-aab6a7275813",
    "train_accuracy": [
        0.13090627420604184,
        0.1735089078233927,
        0.2029434546862897,
        0.2393493415956623,
        0.2525174283501162,
        0.2858249419054996,
        0.3292021688613478,
        0.35321456235476373,
        0.4314484895429899,
        0.4817970565453137,
        0.5344694035631293,
        0.5778466305189776,
        0.6436870642912471,
        0.69713400464756,
        0.7226955848179706,
        0.7738187451587917,
        0.796281951975213,
        0.836560805577072,
        0.8520526723470179,
        0.876839659178931,
        0.8962044926413633,
        0.9101471727343144,
        0.9240898528272656,
        0.9434546862896979,
        0.9512006196746708,
        0.9566227730441518,
        0.9589465530596437,
        0.9682416731216111,
        0.9775367931835787,
        0.9728892331525949,
        0.9821843532145623,
        0.981409759876065,
        0.9806351665375678,
        0.9767621998450813,
        0.983733539891557
    ],
    "train_loss": [
        0.0843590476732675,
        0.08286307727893501,
        0.08119525196568897,
        0.07960209922214334,
        0.07815437996507522,
        0.0755307909871699,
        0.07357904054137923,
        0.06995219735559985,
        0.06654472484041977,
        0.06236342715256718,
        0.05847718990837115,
        0.054347861561084516,
        0.049688200217453106,
        0.04571677426974225,
        0.04155128169299834,
        0.03727518551853809,
        0.03359105395864462,
        0.03007132886085835,
        0.027240457713003773,
        0.02370921963873434,
        0.021335391459032883,
        0.01921021612829981,
        0.017266565646707872,
        0.014770901429385386,
        0.013457868297279204,
        0.011560861070335235,
        0.010751508632249189,
        0.009337123163119477,
        0.008528301955469813,
        0.008006700381671247,
        0.00682030244218943,
        0.006592028824097421,
        0.006325723171972841,
        0.006020741720447976,
        0.005484638457193013
    ],
    "val_accuracy": [
        0.21359223300970873,
        0.21035598705501618,
        0.22653721682847897,
        0.255663430420712,
        0.2815533980582524,
        0.3268608414239482,
        0.35275080906148865,
        0.40129449838187703,
        0.42394822006472493,
        0.46601941747572817,
        0.5048543689320388,
        0.540453074433657,
        0.5501618122977346,
        0.5922330097087378,
        0.5825242718446602,
        0.598705501618123,
        0.6116504854368932,
        0.6181229773462783,
        0.6084142394822006,
        0.6245954692556634,
        0.598705501618123,
        0.6181229773462783,
        0.6213592233009708,
        0.6213592233009708,
        0.6051779935275081,
        0.6375404530744336,
        0.6343042071197411,
        0.6375404530744336,
        0.6407766990291263,
        0.6343042071197411,
        0.6343042071197411,
        0.627831715210356,
        0.6245954692556634,
        0.6245954692556634,
        0.6375404530744336
    ],
    "val_loss": [
        0.08619632612925902,
        0.08483743320391016,
        0.08332600639861765,
        0.08152428182583411,
        0.08005112081669681,
        0.07785960617188882,
        0.07542544043951435,
        0.07259527456413195,
        0.06942348920025872,
        0.06589518010037616,
        0.06230054897012063,
        0.0590851739000734,
        0.05644538988959056,
        0.05324265447635095,
        0.051312544199255294,
        0.049439447404497266,
        0.04764400948212756,
        0.04661514670331887,
        0.04696434061118314,
        0.046072642587149416,
        0.04598733233016671,
        0.0455501694895303,
        0.0454873367420678,
        0.04619660365928724,
        0.046831866105397545,
        0.047267451255452675,
        0.0469396446129265,
        0.04693696876945619,
        0.047457632123459506,
        0.049125936617743234,
        0.04909693693265946,
        0.050431824810682375,
        0.05132788998409382,
        0.05141524801748085,
        0.04925151492399691
    ],
    "hyperparameters": {
        "learning_rate": 5e-06,
        "num_epochs": 35,
        "batch_size": 25,
        "max_len": 150
    },
    "results": {
        "classes": 8,
        "last_acc": 0.6375404530744336,
        "best_acc": 0.6407766990291263,
        "best_acc_epoch": 28,
        "confusion_matrix": [
            [
                32,
                1,
                1,
                1,
                0,
                4,
                0,
                6
            ],
            [
                3,
                16,
                2,
                1,
                1,
                1,
                4,
                2
            ],
            [
                1,
                0,
                25,
                0,
                0,
                3,
                0,
                6
            ],
            [
                0,
                1,
                1,
                23,
                5,
                2,
                2,
                0
            ],
            [
                4,
                2,
                0,
                4,
                20,
                2,
                5,
                3
            ],
            [
                1,
                0,
                10,
                0,
                1,
                26,
                4,
                1
            ],
            [
                0,
                3,
                0,
                1,
                6,
                0,
                28,
                1
            ],
            [
                3,
                2,
                4,
                1,
                2,
                0,
                3,
                28
            ]
        ],
        "classification_report": "                           precision    recall  f1-score   support\n\n              flag_waving       0.73      0.71      0.72        45\nexaggeration,minimisation       0.64      0.53      0.58        30\ncausal_oversimplification       0.58      0.71      0.64        35\n    name_calling,labeling       0.74      0.68      0.71        34\n               repetition       0.57      0.50      0.53        40\n                    doubt       0.68      0.60      0.64        43\n          loaded_language       0.61      0.72      0.66        39\n appeal_to_fear_prejudice       0.60      0.65      0.62        43\n\n                 accuracy                           0.64       309\n                macro avg       0.64      0.64      0.64       309\n             weighted avg       0.64      0.64      0.64       309\n"
    }
}