{
    "model_id": "fcb83d57-12e5-48b6-88e3-4d1ef4c90fe5",
    "train_accuracy": [
        0.49765625,
        0.494921875,
        0.550390625,
        0.708984375,
        0.769921875,
        0.821875,
        0.828125,
        0.849609375,
        0.86484375,
        0.87734375
    ],
    "train_loss": [
        0.014077514200471342,
        0.013816139963455498,
        0.013188935536891221,
        0.011620467971079051,
        0.009933118440676481,
        0.008581544202752412,
        0.008028003299841657,
        0.00728018979425542,
        0.006815808650571853,
        0.006196371992700733
    ],
    "val_accuracy": [
        0.5171875,
        0.53125,
        0.659375,
        0.7390625,
        0.775,
        0.7640625,
        0.7984375,
        0.8046875,
        0.7859375,
        0.8015625
    ],
    "val_loss": [
        0.014024543389678002,
        0.013469494972378015,
        0.012478289566934109,
        0.010687812091782689,
        0.010116343619301915,
        0.009928034991025925,
        0.009256296698004008,
        0.009257007855921984,
        0.009741645446047187,
        0.009611435420811176
    ],
    "hyperparameters": {
        "learning_rate": 5e-06,
        "num_epochs": 10,
        "batch_size": 50,
        "max_len": 150
    },
    "results": {
        "last_acc": 0.8015625,
        "best_acc": 0.8046875,
        "confusion_matrix": [
            [
                293,
                38
            ],
            [
                87,
                222
            ]
        ],
        "classification_report": "              precision    recall  f1-score   support\n\n     Class 0       0.76      0.91      0.83       331\n     Class 1       0.88      0.69      0.77       309\n\n    accuracy                           0.80       640\n   macro avg       0.82      0.80      0.80       640\nweighted avg       0.81      0.80      0.80       640\n"
    }
}