{
    "model_id": "14f8e284-115b-4ecc-8ee8-996542b8d75f",
    "train_accuracy": [
        0.15956622773044152,
        0.2316034082106894,
        0.2664601084430674,
        0.3222308288148722,
        0.3508907823392719,
        0.39039504260263364,
        0.3958171959721146,
        0.43764523625096824,
        0.4492641363284276,
        0.49806351665375675,
        0.5034856700232379,
        0.5127807900852053,
        0.5290472501936483,
        0.5476374903175832,
        0.5476374903175832,
        0.5615801704105344,
        0.5793958171959721,
        0.587141750580945,
        0.6219984508133231,
        0.6010844306738962,
        0.6080557707203718,
        0.6483346243222309,
        0.6250968241673122,
        0.6413632842757552,
        0.6591789310611929,
        0.656855151045701,
        0.65143299767622,
        0.6661502711076684,
        0.6948102246320682,
        0.7226955848179706,
        0.7118512780790085,
        0.726568551510457,
        0.7195972114639814,
        0.7149496514329977,
        0.7327652982184353,
        0.7257939581719597,
        0.7180480247869868,
        0.7412858249419055,
        0.761425251742835,
        0.7552285050348567,
        0.7769171185127808,
        0.7753679318357862,
        0.7707203718048025,
        0.7668474051123161,
        0.790859798605732,
        0.7838884585592564,
        0.8063516653756778,
        0.7931835786212239,
        0.8102246320681642,
        0.8032532920216886
    ],
    "train_loss": [
        0.021179881509563705,
        0.01973272782716522,
        0.018815068197656656,
        0.0178769068788134,
        0.017515885008110917,
        0.01690033874615138,
        0.01637014541212299,
        0.015811544532096267,
        0.015337069675407143,
        0.014882792251965133,
        0.014486578709390347,
        0.014151303644424072,
        0.013765271646306091,
        0.013256802104592416,
        0.013119465892948354,
        0.01275962789699516,
        0.012251419027492485,
        0.01216294726690149,
        0.011565567817362956,
        0.01156880078068267,
        0.011306556318269784,
        0.01081609647464235,
        0.010669608018270858,
        0.01046251331901107,
        0.010201723884003372,
        0.00991950900309036,
        0.009841951125356968,
        0.009672786079572209,
        0.009250086005762694,
        0.00878727449916482,
        0.008557718867576003,
        0.00836042158369128,
        0.008316368303217692,
        0.008256675105608314,
        0.008079303040419504,
        0.00798262956990095,
        0.0077096384962245905,
        0.007791608918276432,
        0.007131771511296539,
        0.007158091094122665,
        0.006915465470527513,
        0.006859255428003951,
        0.006897663072871201,
        0.007127697573070098,
        0.00650292561093012,
        0.006391606803645837,
        0.005960008532016615,
        0.006126344203948975,
        0.006042698942165242,
        0.0060757415918856975
    ],
    "val_accuracy": [
        0.1650485436893204,
        0.24919093851132687,
        0.3333333333333333,
        0.3851132686084142,
        0.41423948220064727,
        0.4336569579288026,
        0.459546925566343,
        0.46601941747572817,
        0.4692556634304207,
        0.48220064724919093,
        0.46601941747572817,
        0.4627831715210356,
        0.46601941747572817,
        0.4692556634304207,
        0.4854368932038835,
        0.47896440129449835,
        0.4854368932038835,
        0.4854368932038835,
        0.4919093851132686,
        0.49514563106796117,
        0.5016181229773463,
        0.49514563106796117,
        0.4854368932038835,
        0.5016181229773463,
        0.511326860841424,
        0.5080906148867314,
        0.49838187702265374,
        0.5016181229773463,
        0.5016181229773463,
        0.5145631067961165,
        0.5080906148867314,
        0.5080906148867314,
        0.49838187702265374,
        0.5048543689320388,
        0.511326860841424,
        0.49838187702265374,
        0.49838187702265374,
        0.4919093851132686,
        0.49514563106796117,
        0.49838187702265374,
        0.49838187702265374,
        0.511326860841424,
        0.5048543689320388,
        0.5048543689320388,
        0.5080906148867314,
        0.49838187702265374,
        0.49514563106796117,
        0.47572815533980584,
        0.47896440129449835,
        0.4886731391585761
    ],
    "val_loss": [
        0.026451396710664325,
        0.025067641511318368,
        0.023213614152087364,
        0.02192575183115345,
        0.02118077363011135,
        0.02066317808280871,
        0.020206898547299085,
        0.01986478023158694,
        0.019559033480276954,
        0.019192783577928266,
        0.018909731343340334,
        0.018678019347700102,
        0.018569945131690756,
        0.018370177367744323,
        0.018108980169574036,
        0.017939526672116374,
        0.01782790588329525,
        0.017807908428525462,
        0.017668371833258076,
        0.01754842954160326,
        0.017413122368476152,
        0.017397537586372646,
        0.0174896863671954,
        0.017330351770888642,
        0.017289028391483146,
        0.017320367317755245,
        0.017447417607970993,
        0.017524601957944603,
        0.017518501065695555,
        0.0173700149005285,
        0.017398116658034833,
        0.017497148714405046,
        0.017595087054477924,
        0.017661863931946,
        0.017901314500851924,
        0.017913693749017315,
        0.017897421873888923,
        0.017887825333184795,
        0.018153412056586504,
        0.01833925895320559,
        0.018051975560419768,
        0.017877853225349995,
        0.018061086390782327,
        0.018132165026124625,
        0.018263998347964487,
        0.018460739970593006,
        0.018474082923629908,
        0.018719148481548025,
        0.01921376325551746,
        0.019154769703022486
    ],
    "hyperparameters": {
        "learning_rate": 0.0005,
        "num_epochs": 50,
        "batch_size": 100,
        "stem_v": true,
        "pool_v": "mean",
        "norm_v": false,
        "dropout_rate": 0.5
    },
    "results": {
        "classes": 8,
        "last_acc": 0.4886731391585761,
        "best_acc": 0.5145631067961165,
        "best_acc_epoch": 29,
        "confusion_matrix": [
            [
                27,
                1,
                4,
                3,
                0,
                4,
                0,
                6
            ],
            [
                3,
                11,
                3,
                4,
                1,
                1,
                6,
                1
            ],
            [
                1,
                0,
                18,
                1,
                0,
                10,
                0,
                5
            ],
            [
                3,
                1,
                1,
                16,
                3,
                2,
                5,
                3
            ],
            [
                5,
                2,
                3,
                5,
                17,
                1,
                3,
                4
            ],
            [
                3,
                3,
                7,
                2,
                2,
                22,
                1,
                3
            ],
            [
                2,
                4,
                0,
                5,
                2,
                1,
                23,
                2
            ],
            [
                2,
                3,
                7,
                0,
                1,
                3,
                2,
                25
            ]
        ],